"sound.files","duration","selec","start","end"
"Ag13_43421.27975590_11_17_7_46_15.wav",0.0445352402111682,1,0.371157236138697,0.415692476349866
"Ag13_43421.27975590_11_17_7_46_15.wav",0.0774604789008915,2,1.09260998693225,1.17007046583314
"Ag13_43421.27975590_11_17_7_46_15.wav",0.0646713365999245,4,3.21891827338909,3.28358960998902
"Ag13_43421.27975590_11_17_7_46_15.wav",0.0537416086051263,5,3.60789867592595,3.66164028453107
"Ag13_43421.27975590_11_17_7_46_15.wav",0.0792745416386174,6,5.08391082247654,5.16318536411516
"Ag13_43421.27975590_11_17_7_46_15.wav",0.020272151094086,7,5.602823468603,5.62309561969709
"Ag13_43421.27975590_11_17_7_46_15.wav",0.109977553474626,8,6.56522910253498,6.6752066560096
"Ag13_43421.27975590_11_17_7_46_15.wav",0.0541497727211144,9,6.85634082037152,6.91049059309264
"Ag13_43421.27975590_11_17_7_46_15.wav",0.0163719162079756,10,7.95688733178132,7.9732592479893
"Ag13_43421.27975590_11_17_7_46_15.wav",0.0748300879311898,11,8.30985858897432,8.38468867690551
"Ag13_43421.27975590_11_17_7_46_15.wav",0.100544427238452,13,9.19888538516529,9.29942981240374
"Ag13_43421.27975590_11_17_7_46_15.wav",0.0951022390252749,15,9.82532660007045,9.92042883909572
"Ag13_43421.27975590_11_17_7_46_15.wav",0.0492518033292555,17,10.2514045855938,10.300656388923
"Ag13_43421.27975590_11_17_7_46_15.wav",0.257098041504188,18,10.3772551880235,10.6343532295277
"Ag13_43421.27975590_11_17_7_46_15.wav",0.0760545802791537,19,10.742970235949,10.8190248162282
"Ag13_43421.27975590_11_17_7_46_15.wav",0.0255329330334906,20,11.9984377051606,12.0239706381941
"Ag13_43421.27975590_11_17_7_46_15.wav",0.0210884793260622,21,12.0340386863885,12.0551271657145
"Ag13_43421.27975590_11_17_7_46_15.wav",0.104580716829892,22,12.3107739570286,12.4153546738584
"Ag13_43421.27975590_11_17_7_46_15.wav",0.0805897371234696,23,13.7795752041967,13.8601649413202
"Ag13_43421.27975590_11_17_7_46_15.wav",0.0805897371234696,25,15.31726548383,15.3978552209534
"Ag13_43421.27975590_11_17_7_46_15.wav",0.0799094635968221,26,15.7135474888862,15.793456952483
"Ag13_43421.27975590_11_17_7_46_15.wav",0.0789117290910699,27,15.9299651734968,16.0088769025879
"Ag13_43421.27975590_11_17_7_46_15.wav",0.0817235263345459,28,16.1114621504063,16.1931856767409
"Ag13_43421.27975590_11_17_7_46_15.wav",0.0818142294714335,29,16.2702379915258,16.3520522209972
"Ag13_43421.27975590_11_17_7_46_15.wav",0.169478811272032,30,16.3811679279377,16.5506467392097
"Ag13_43421.27975590_11_17_7_46_15.wav",0.108299545442232,31,16.5909189319872,16.6992184774295
"Ag13_43421.27975590_11_17_7_46_15.wav",0.127437907325238,32,16.7246153557576,16.8520532630829
"Ag13_43421.27975590_11_17_7_46_15.wav",0.160499200720292,33,16.8896497133222,17.0501489140425
"Ag13_43421.27975590_11_17_7_46_15.wav",0.17265342106305,34,17.1341853703677,17.3068387914307
"Ag13_43421.27975590_11_17_7_46_15.wav",0.10897981896888,35,17.3511019222312,17.4600817412001
"Ag13_43421.27975590_11_17_7_46_15.wav",0.128254235557215,36,17.4855239710967,17.6137782066539
"Ag13_43421.27975590_11_17_7_46_15.wav",0.161360880520711,37,17.653596883747,17.8149577642677
"Ag13_43421.27975590_11_17_7_46_15.wav",0.0783221587013081,38,18.8483839543817,18.926706113083
"Ag13_43421.27975590_11_17_7_46_15.wav",0.166893771870775,39,18.9617628754895,19.1286566473603
"Ag13_43421.27975590_11_17_7_46_15.wav",0.110113608179955,40,19.1708789575809,19.2809925657608
"Ag13_43421.27975590_11_17_7_46_15.wav",0.125941305566617,41,19.3075685848685,19.4335098904351
"Ag13_43421.27975590_11_17_7_46_15.wav",0.159864278762086,42,19.4713784500851,19.6312427288472
"Ag13_43421.27975590_11_17_7_46_15.wav",0.173877913411019,43,19.7074787154001,19.8813566288112
"Ag13_43421.27975590_11_17_7_46_15.wav",0.111065991117265,44,19.9238510484424,20.0349170395597
"Ag13_43421.27975590_11_17_7_46_15.wav",0.129251970062963,45,20.0593615349505,20.1886135050135
"Ag13_43421.27975590_11_17_7_46_15.wav",0.160952716404719,46,20.2287496430857,20.3897023594904
"Ag13_43421.27975590_11_17_7_46_15.wav",0.0788663775226262,47,21.2817223591986,21.3605887367212
"Ag13_43421.27975590_11_17_7_46_15.wav",0.167800803239636,48,21.397822374413,21.5656231776527
"Ag13_43421.27975590_11_17_7_46_15.wav",0.107846029757798,49,21.6069384565044,21.7147844862622
"Ag13_43421.27975590_11_17_7_46_15.wav",0.0185941430616907,50,21.7414058569383,21.76
"Blk109Brn_43559.32349131_4_4_8_59_9.wav",0.05990969932506,2,0.357916235483251,0.417825934808311
"Blk109Brn_43559.32349131_4_4_8_59_9.wav",0.0284355650846425,3,0.429027824084079,0.457463389168721
"Blk109Brn_43559.32349131_4_4_8_59_9.wav",0.0245353121384236,5,0.698553443379182,0.723088755517606
"Blk109Brn_43559.32349131_4_4_8_59_9.wav",0.0258051619348669,6,1.08789846132441,1.11370362325927
"Blk109Brn_43559.32349131_4_4_8_59_9.wav",0.0213153358688707,7,1.46368329751475,1.48499863338362
"Blk109Brn_43559.32349131_4_4_8_59_9.wav",0.048163588707959,8,1.5918020716202,1.63996566032816
"Blk109Brn_43559.32349131_4_4_8_59_9.wav",0.047936829815737,9,1.69520412647344,1.74314095628918
"Blk109Brn_43559.32349131_4_4_8_59_9.wav",0.0556012803728414,10,1.8042298018538,1.85983108222664
"Blk109Brn_43559.32349131_4_4_8_59_9.wav",0.0637192487143901,11,1.9047293428866,1.96844859160099
"Blk109Brn_43559.32349131_4_4_8_59_9.wav",0.0853973988108159,12,1.99352812508075,2.07892552389156
"Blk109Brn_43559.32349131_4_4_8_59_9.wav",0.186259754071175,13,2.09910706529932,2.2853668193705
"Blk109Brn_43559.32349131_4_4_8_59_9.wav",0.139638125830325,14,2.31743052673069,2.45706865256102
"Blk109Brn_43559.32349131_4_4_8_59_9.wav",0.101270521266358,15,2.48740899234032,2.58867951360668
"Blk109Brn_43559.32349131_4_4_8_59_9.wav",0.178005730394293,16,2.61239849373311,2.7904042241274
"Blk109Brn_43559.32349131_4_4_8_59_9.wav",0.191112394364726,17,2.80795536238539,2.99906775675011
"Blk109Brn_43559.32349131_4_4_8_59_9.wav",0.140091643614769,18,3.0343967921583,3.17448843577307
"Blk109Brn_43559.32349131_4_4_8_59_9.wav",0.10117981770947,19,3.20428455421105,3.30546437192052
"Blk109Brn_43559.32349131_4_4_8_59_9.wav",0.0678916123312754,20,3.32895659315472,3.39684820548599
"Blk109Brn_43559.32349131_4_4_8_59_9.wav",0.0952840865116968,21,3.41113401569598,3.50641810220768
"Blk109Brn_43559.32349131_4_4_8_59_9.wav",0.189797192789838,22,3.52773343807655,3.71753063086639
"Blk109Brn_43559.32349131_4_4_8_59_9.wav",0.141361493411213,23,3.75213403781947,3.89349553123068
"Blk109Brn_43559.32349131_4_4_8_59_9.wav",0.102041501499913,24,3.92410798168066,4.02614948318057
"Blk109Brn_43559.32349131_4_4_8_59_9.wav",0.0680276676666089,25,4.05127436843877,4.11930203610538
"Blk109Brn_43559.32349131_4_4_8_59_9.wav",0.0941049402721426,26,4.1353565656747,4.22946150594684
"Blk109Brn_43559.32349131_4_4_8_59_9.wav",0.188345935879617,27,4.25204669161215,4.44039262749177
"Blk109Brn_43559.32349131_4_4_8_59_9.wav",0.139819532944103,28,4.47844276960663,4.61826230255073
"Blk109Brn_43559.32349131_4_4_8_59_9.wav",0.102268260392136,29,4.65073417591693,4.75300243630906
"Blk109Brn_43559.32349131_4_4_8_59_9.wav",0.0263040314977561,31,6.31591542506017,6.34221945655793
"BRN7_43435.27985312_12_1_7_46_25.wav",0.0201361043149859,4,3.75311587543019,3.77325197974517
"BRN7_43435.27985312_12_1_7_46_25.wav",0.128027528110825,6,6.40677324431035,6.53480077242117
"BRN7_43435.27985312_12_1_7_46_25.wav",0.0180499313454154,7,6.55471011880469,6.5727600501501
"BRN7_43435.27985312_12_1_7_46_25.wav",0.261587949749641,8,6.8993368230605,7.16092477281014
"BRN7_43435.27985312_12_1_7_46_25.wav",0.167392705014897,9,7.23035805142781,7.3977507564427
"BRN7_43435.27985312_12_1_7_46_25.wav",0.0425851395310177,10,7.92831896450807,7.97090410403909
"BRN7_43435.27985312_12_1_7_46_25.wav",0.0371883007619118,11,8.21843306203728,8.25562136279919
"BRN7_43435.27985312_12_1_7_46_25.wav",0.0846260600264959,12,8.42641543678621,8.51104149681271
"BRN7_43435.27985312_12_1_7_46_25.wav",0.195011821068562,13,8.56682394795558,8.76183576902414
"BRN7_43435.27985312_12_1_7_46_25.wav",0.0250794272211419,15,10.2814767225975,10.3065561498186
"BRN7_43435.27985312_12_1_7_46_25.wav",0.0304762659902487,16,10.6299129601021,10.6603892260923
"BRN7_43435.27985312_12_1_7_46_25.wav",0.0324717357872295,17,10.8295052913864,10.8619770271737
"BRN7_43435.27985312_12_1_7_46_25.wav",0.0325170873735239,18,11.0093696826324,11.041886770006
"BRN7_43435.27985312_12_1_7_46_25.wav",0.0318821651653938,19,11.158576401543,11.1904585667084
"BRN7_43435.27985312_12_1_7_46_25.wav",0.0352381825512253,20,11.3349487206444,11.3701869031956
"BRN7_43435.27985312_12_1_7_46_25.wav",0.0336962286171953,21,11.4153117315591,11.4490079601763
"BRN7_43435.27985312_12_1_7_46_25.wav",0.0216327066627215,22,11.5007994717252,11.5224321783879
"BRN7_43435.27985312_12_1_7_46_25.wav",0.0750115237319537,23,11.5367179280709,11.6117294518028
"BRN7_43435.27985312_12_1_7_46_25.wav",0.0768255871837535,24,11.6652443236309,11.7420699108147
"BRN7_43435.27985312_12_1_7_46_25.wav",0.101950365991192,25,11.7755847330867,11.8775350990779
"BRN7_43435.27985312_12_1_7_46_25.wav",0.20784631999005,26,11.9090544515529,12.116900771543
"BRN7_43435.27985312_12_1_7_46_25.wav",0.0309297818531995,27,12.1311865212259,12.1621163030791
"BRN7_43435.27985312_12_1_7_46_25.wav",0.152426681537543,28,12.1783521709727,12.3307788525103
"BRN7_43435.27985312_12_1_7_46_25.wav",0.11541978712081,29,12.3815726291607,12.4969924162815
"BRN7_43435.27985312_12_1_7_46_25.wav",0.107256501587708,30,12.5340446622845,12.6413011638722
"BRN7_43435.27985312_12_1_7_46_25.wav",0.210340657236276,31,12.6706436402051,12.8809842974414
"BRN7_43435.27985312_12_1_7_46_25.wav",0.0314286493024447,32,12.8947258280888,12.9261544773912
"BRN7_43435.27985312_12_1_7_46_25.wav",0.152608087882722,33,12.9420275325945,13.0946356204772
"BRN7_43435.27985312_12_1_7_46_25.wav",0.0356916984141762,34,13.6927776921221,13.7284693905363
"BRN7_43435.27985312_12_1_7_46_25.wav",0.0256236462566832,35,13.7801248473263,13.805748493583
"BRN7_43435.27985312_12_1_7_46_25.wav",0.0765081260796894,36,13.8190365083675,13.8955446344471
"BRN7_43435.27985312_12_1_7_46_25.wav",0.0790478149122098,37,13.941032275501,14.0200800904133
"BRN7_43435.27985312_12_1_7_46_25.wav",0.104988922272957,38,14.0528239357183,14.1578128579912
"BRN7_43435.27985312_12_1_7_46_25.wav",0.209161515992605,39,14.1873367406693,14.3964982566619
"BRN7_43435.27985312_12_1_7_46_25.wav",0.0297959921958242,40,14.4100130293778,14.4398090215736
"BRN7_43435.27985312_12_1_7_46_25.wav",0.15564664416449,41,14.4559995378809,14.6116461820454
"BRN7_43435.27985312_12_1_7_46_25.wav",0.115782599811171,42,14.6593106992415,14.7750932990526
"BRN7_43435.27985312_12_1_7_46_25.wav",0.105805250826268,43,14.8108757006394,14.9166809514657
"BRN7_43435.27985312_12_1_7_46_25.wav",0.210340657236275,44,14.9480188975955,15.1583595548318
"BRN7_43435.27985312_12_1_7_46_25.wav",0.0297052890232354,45,15.1725546013422,15.2022598903654
"BRN7_43435.27985312_12_1_7_46_25.wav",0.156281566372618,46,15.2198563058479,15.3761378722205
"BRN7_43435.27985312_12_1_7_46_25.wav",0.0492064711300895,47,15.5357301043926,15.5849365755227
"BRN7_43435.27985312_12_1_7_46_25.wav",0.0801816045695851,48,15.6340976950665,15.7142792996361
"BRN7_43435.27985312_12_1_7_46_25.wav",0.106122711930334,49,15.7493814274284,15.8555041393588
"BRN7_43435.27985312_12_1_7_46_25.wav",0.211519798479946,50,15.8845745061739,16.0960943046538
"BRN7_43435.27985312_12_1_7_46_25.wav",0.0303855628176599,51,16.1104707575093,16.140856320327
"BRN7_43435.27985312_12_1_7_46_25.wav",0.155510589405601,52,16.1561398049084,16.311650394314
"db1_43427.28100313_11_23_7_48_20.wav",0.0298413518590575,1,0.388073628963457,0.417914980822515
"db1_43427.28100313_11_23_7_48_20.wav",0.0316100642032873,2,0.538142068631575,0.569752132834862
"db1_43427.28100313_11_23_7_48_20.wav",0.0371429592288269,3,0.681271713718483,0.71841467294731
"db1_43427.28100313_11_23_7_48_20.wav",0.0501588680184158,4,0.819911550546961,0.870070418565377
"db1_43427.28100313_11_23_7_48_20.wav",0.0570523110010552,5,0.886215587656296,0.943267898657351
"db1_43427.28100313_11_23_7_48_20.wav",0.284762687421006,6,0.95537677547554,1.24013946289655
"db1_43427.28100313_11_23_7_48_20.wav",0.137868859652789,7,1.31732788366268,1.45519674331547
"db1_43427.28100313_11_23_7_48_20.wav",0.273923655362777,8,1.46957320006216,1.74349685542493
"db1_43427.28100313_11_23_7_48_20.wav",0.0472563657099361,9,2.00644542393377,2.05370178964371
"db1_43427.28100313_11_23_7_48_20.wav",0.0567802014096355,10,2.06866781717181,2.12544801858144
"db1_43427.28100313_11_23_7_48_20.wav",0.287483783335206,11,2.13610564424539,2.4235894275806
"db1_43427.28100313_11_23_7_48_20.wav",0.139002649617038,12,2.50236515429668,2.64136780391372
"db1_43427.28100313_11_23_7_48_20.wav",0.275465609714157,13,2.65656058943467,2.93202619914882
"db1_43427.28100313_11_23_7_48_20.wav",0.0349660824974669,14,3.20313805540026,3.23810413789773
"db1_43427.28100313_11_23_7_48_20.wav",0.0551021922625456,15,3.26046247599274,3.31556466825528
"db1_43427.28100313_11_23_7_48_20.wav",0.285624367793836,16,3.32595018432781,3.61157455212165
"db1_43427.28100313_11_23_7_48_20.wav",0.0321089317875574,17,3.93756184264278,3.96967077443034
"db1_43427.28100313_11_23_7_48_20.wav",0.0514740643769453,18,3.99348036367959,4.04495442805653
"db1_43427.28100313_11_23_7_48_20.wav",0.286712806159516,19,4.05688189848044,4.34359470463996
"db1_43427.28100313_11_23_7_48_20.wav",0.140453900771279,20,4.4313500478729,4.57180394864418
"db1_43427.28100313_11_23_7_48_20.wav",0.282540459091076,21,4.58695138256656,4.86949184165763
"db1_43427.28100313_11_23_7_48_20.wav",0.0546486762768454,22,5.50962965547313,5.56427833174997
"db1_43427.28100313_11_23_7_48_20.wav",0.0568255530082054,23,5.65112664301152,5.70795219601972
"db1_43427.28100313_11_23_7_48_20.wav",0.0580046945710251,24,5.72305427834353,5.78105897291455
"db1_43427.28100313_11_23_7_48_20.wav",0.287166322145216,25,5.79303179493703,6.08019811708225
"db1_43427.28100313_11_23_7_48_20.wav",0.139773626792728,26,6.16024368855829,6.30001731535102
"db1_43427.28100313_11_23_7_48_20.wav",0.279093737599757,27,6.31475658488627,6.59385032248603
"db1_43427.28100313_11_23_7_48_20.wav",0.0367347948416965,28,7.13897653729738,7.17571133213908
"db1_43427.28100313_11_23_7_48_20.wav",0.0582314525638754,29,7.19280888479997,7.25104033736384
"db1_43427.28100313_11_23_7_48_20.wav",0.287166322145216,30,7.2636480817663,7.55081440391152
"db1_43427.28100313_11_23_7_48_20.wav",0.052698557538335,31,8.05693824395267,8.10963680149101
"db1_43427.28100313_11_23_7_48_20.wav",0.0567348498110665,32,8.13054388843178,8.18727873824284
"db1_43427.28100313_11_23_7_48_20.wav",0.290295582446547,33,8.19838987989249,8.48868546233904
"db1_43427.28100313_11_23_7_48_20.wav",0.138458430434198,34,8.57961541747188,8.71807384790608
"db1_43427.28100313_11_23_7_48_20.wav",0.278957682804046,35,8.73362944621559,9.01258712901963
"DB118_43568.33139566_4_13_9_12_19.wav",0.0589572347461907,1,0.35124906393019,0.410206298676381
"DB118_43568.33139566_4_13_9_12_19.wav",0.0657146408824849,2,0.467893685289577,0.533608326172062
"DB118_43568.33139566_4_13_9_12_19.wav",0.0663949166680178,3,0.939596914978138,1.00599183164616
"DB118_43568.33139566_4_13_9_12_19.wav",0.065896047758627,5,1.04454079282636,1.11043684058498
"DB118_43568.33139566_4_13_9_12_19.wav",0.068798557776901,6,1.16699043422229,1.23578899199919
"DB118_43568.33139566_4_13_9_12_19.wav",0.0622225585167486,8,3.20024405374227,3.26246661225902
"DB118_43568.33139566_4_13_9_12_19.wav",0.0674833579248708,9,3.81004326789402,3.87752662581889
"DB118_43568.33139566_4_13_9_12_19.wav",0.0698416473147181,10,3.91943161420772,3.98927326152244
"DB118_43568.33139566_4_13_9_12_19.wav",0.0792294531550732,11,4.0462803723501,4.12550982550518
"DB118_43568.33139566_4_13_9_12_19.wav",0.177960145495425,13,4.99830365834398,5.1762638038394
"DB118_43568.33139566_4_13_9_12_19.wav",0.0724720470187794,14,5.21558374424321,5.28805579126199
"DB118_43568.33139566_4_13_9_12_19.wav",0.102177422987053,15,5.3151307675262,5.41730819051325
"DB118_43568.33139566_4_13_9_12_19.wav",0.108934829123346,16,5.44229698770183,5.55123181682518
"DB118_43568.33139566_4_13_9_12_19.wav",0.166304753703293,17,5.57173079382924,5.73803554753253
"DB118_43568.33139566_4_13_9_12_19.wav",0.105170636443397,18,5.77690197074598,5.88207260718938
"DB118_43568.33139566_4_13_9_12_19.wav",0.167892063869537,19,5.90266228763151,6.07055435150105
"DB118_43568.33139566_4_13_9_12_19.wav",0.151701500173853,20,6.08556577050181,6.23726727067566
"DB118_43568.33139566_4_13_9_12_19.wav",0.139637942910401,21,6.25704062017515,6.39667856308555
"DB15HP_43450.29217192_12_16_8_6_57.wav",0.0238096296489159,2,1.44336242515504,1.46717205480396
"DB15HP_43450.29217192_12_16_8_6_57.wav",0.0469389841650059,3,1.49352137828209,1.5404603624471
"DB15HP_43450.29217192_12_16_8_6_57.wav",0.02027219895822,4,1.55719513071462,1.57746732967284
"DB15HP_43450.29217192_12_16_8_6_57.wav",0.038866385922135,5,1.61841989266898,1.65728627859111
"DB15HP_43450.29217192_12_16_8_6_57.wav",0.0152381629753062,7,1.69247917879599,1.70771734177129
"DB15HP_43450.29217192_12_16_8_6_57.wav",0.036553450470526,8,1.74594880423612,1.78250225470665
"DB15HP_43450.29217192_12_16_8_6_57.wav",0.0160091414591759,9,1.82091512387357,1.83692426533274
"DB15HP_43450.29217192_12_16_8_6_57.wav",0.0157823830815671,11,1.89093811087914,1.90672049396071
"DB15HP_43450.29217192_12_16_8_6_57.wav",0.175510984269152,15,2.41769782206421,2.59320880633336
"DB15HP_43450.29217192_12_16_8_6_57.wav",0.0978235641004033,16,2.60930865114358,2.70713221524398
"DB15HP_43450.29217192_12_16_8_6_57.wav",0.226078102475897,17,2.79683782942599,3.02291593190189
"DB15HP_43450.29217192_12_16_8_6_57.wav",0.0287076106052644,18,3.03915183173867,3.06785944234394
"DB15HP_43450.29217192_12_16_8_6_57.wav",0.0888892840226196,21,4.08382767738206,4.17271696140468
"DB15HP_43450.29217192_12_16_8_6_57.wav",0.0239910363510036,26,4.59770751271895,4.62169854906995
"DB15HP_43450.29217192_12_16_8_6_57.wav",0.0154195696773938,29,5.64796161445151,5.6633811841289
"DB15HP_43450.29217192_12_16_8_6_57.wav",0.0371430222523088,30,5.69213414640969,5.729277168662
"DB15HP_43450.29217192_12_16_8_6_57.wav",0.178186733124935,33,5.96796303693294,6.14614977005787
"DB15HP_43450.29217192_12_16_8_6_57.wav",0.0159637897836546,34,6.16070765790035,6.17667144768401
"DB15HP_43450.29217192_12_16_8_6_57.wav",0.015918438108133,38,6.3001187084542,6.31603714656233
"DB15HP_43450.29217192_12_16_8_6_57.wav",0.0264853785046997,39,6.33113925451107,6.35762463301577
"DB15HP_43450.29217192_12_16_8_6_57.wav",0.0342858666944394,40,6.37726190851668,6.41154777521112
"DB15HP_43450.29217192_12_16_8_6_57.wav",0.0256236966697854,41,6.42429159603273,6.44991529270252
"DB15HP_43450.29217192_12_16_8_6_57.wav",0.227393301066027,44,8.03055723966188,8.25795054072791
"DB15HP_43450.29217192_12_16_8_6_57.wav",0.0199093855540458,45,8.27554699083035,8.29545637638439
"DB15HP_43450.29217192_12_16_8_6_57.wav",0.183855692565153,47,8.37250887309584,8.55636456566099
"DB15HP_43450.29217192_12_16_8_6_57.wav",0.0416328381289617,48,8.5663872859513,8.60802012408026
"DB15HP_43450.29217192_12_16_8_6_57.wav",0.0557372092162236,50,8.84920033450489,8.90493754372112
"DB15HP_43450.29217192_12_16_8_6_57.wav",0.0245352564572645,54,9.13142381127671,9.15595906773398
"DB15HP_43450.29217192_12_16_8_6_57.wav",0.101950566572881,58,9.42185594131796,9.52380650789085
"DB15HP_43450.29217192_12_16_8_6_57.wav",0.0390477926242223,59,9.53532583347337,9.57437362609759
"DB15HP_43450.29217192_12_16_8_6_57.wav",0.0276645220682639,60,9.60126716968199,9.62893169175025
"DB15HP_43450.29217192_12_16_8_6_57.wav",0.0355103619335253,63,9.77822940756783,9.81373976950136
"DB7_43357.58119484_9_14_16_8_39.wav",0.168844614669806,1,1.61279940555672,1.78164402022652
"DB7_43357.58119484_9_14_16_8_39.wav",0.0340138224556421,2,2.21860825937334,2.25262208182898
"DB7_43357.58119484_9_14_16_8_39.wav",0.0625400815551069,3,2.26436818851699,2.3269082700721
"DB7_43357.58119484_9_14_16_8_39.wav",0.116735438667763,4,2.39003792454977,2.50677336321753
"DB7_43357.58119484_9_14_16_8_39.wav",0.0680729966745579,5,2.54151281388556,2.60958581056012
"DB7_43357.58119484_9_14_16_8_39.wav",0.16163368430921,6,2.63711433086755,2.79874801517676
"DB7_43357.58119484_9_14_16_8_39.wav",0.21868620250814,7,2.84078909973194,3.05947530224008
"DB7_43357.58119484_9_14_16_8_39.wav",0.0478007584909954,8,3.11593824751644,3.16373900600744
"DB7_43357.58119484_9_14_16_8_39.wav",0.0642634485595264,9,3.20936287986127,3.2736263284208
"DB7_43357.58119484_9_14_16_8_39.wav",0.162041850178678,10,3.30410271334105,3.46614456351973
"DB7_43357.58119484_9_14_16_8_39.wav",0.223357434125381,11,3.51244871382268,3.73580614794806
"DB7_43357.58119484_9_14_16_8_39.wav",0.0478914620175437,12,3.7907271332731,3.83861859529065
"DB7_43357.58119484_9_14_16_8_39.wav",0.0650797802984617,13,3.88764385139005,3.95272363168851
"DB7_43357.58119484_9_14_16_8_39.wav",0.166350267689726,14,3.98152200136762,4.14787226905734
"DB7_43357.58119484_9_14_16_8_39.wav",0.223357434125382,15,4.19095644416782,4.41431387829321
"DB7_43357.58119484_9_14_16_8_39.wav",0.0505218642874468,16,4.47163850707178,4.52216037135923
"DB7_43357.58119484_9_14_16_8_39.wav",0.0680276449112842,17,4.56660509936793,4.63463274427922
"DB7_43357.58119484_9_14_16_8_39.wav",0.166622378269371,18,4.66329505866851,4.82991743693788
"DB7_43357.58119484_9_14_16_8_39.wav",0.223221378835559,19,4.87585877313463,5.09908015197019
"DG124DB_43559.30160960_4_4_8_22_40.wav",0.0428572542974155,1,0.974696412021221,1.01755366631864
"DG124DB_43559.30160960_4_4_8_22_40.wav",0.0502495637688216,2,1.03768977309964,1.08793933686847
"DG124DB_43559.30160960_4_4_8_22_40.wav",0.0374604148673701,6,10.6968078599001,10.7342682747675
"DG124DB_43559.30160960_4_4_8_22_40.wav",0.060499023526722,7,10.875674538153,10.9361735616798
"DG124DB_43559.30160960_4_4_8_22_40.wav",0.0662586756915591,8,11.0363098764826,11.1025685521742
"DG124DB_43559.30160960_4_4_8_22_40.wav",0.056235973892905,9,11.1891447410141,11.245380714907
"DG124DB_43559.30160960_4_4_8_22_40.wav",0.0800002080218416,10,11.2705508483833,11.3505510564051
"DG124DB_43559.30160960_4_4_8_22_40.wav",0.0386395562554469,11,11.8959039483908,11.9345435046462
"DG124DB_43559.30160960_4_4_8_22_40.wav",0.0601362107919297,12,12.0599860077009,12.1201222184928
"DG124DB_43559.30160960_4_4_8_22_40.wav",0.04467131797138,13,12.2112789181095,12.2559502360809
"DG124DB_43559.30160960_4_4_8_22_40.wav",0.0749208297347419,14,12.2942723311934,12.3691931609282
"DG124DB_43559.30160960_4_4_8_22_40.wav",0.0216327093120281,15,12.4686945534451,12.4903272627571
"DG124DB_43559.30160960_4_4_8_22_40.wav",0.0396826428679766,16,12.5929125635198,12.6325952063878
"DG124DB_43559.30160960_4_4_8_22_40.wav",0.125578557830206,17,12.6539558061488,12.779534363979
"DG124DB_43559.30160960_4_4_8_22_40.wav",0.0306576760900032,18,13.4828468503751,13.5135045264651
"DG124DB_43559.30160960_4_4_8_22_40.wav",0.025805055762147,19,13.6317814780076,13.6575865337697
"DG124DB_43559.30160960_4_4_8_22_40.wav",0.0700682094068856,20,13.7174052834187,13.7874734928256
"Gold183_43555.5549813_3_31_1_32_29.wav",0.3044496892365,2,0.343588685484243,0.648038374720743
"Gold183_43555.5549813_3_31_1_32_29.wav",0.016734982173137,3,0.675930011675971,0.692664993849108
"Gold183_43555.5549813_3_31_1_32_29.wav",0.0697971207708884,4,0.705817147860517,0.775614268631405
"Gold183_43555.5549813_3_31_1_32_29.wav",0.022086548288124,5,0.844096174001152,0.866182722289276
"Gold183_43555.5549813_3_31_1_32_29.wav",0.0178687885534308,13,1.80302425819846,1.8208930467519
"Gry35HP_43455.29800260_12_21_8_16_40.wav",0.0490705472466486,1,0.362042678992602,0.411113226239251
"Gry35HP_43455.29800260_12_21_8_16_40.wav",0.0982317979078011,2,0.570343070400973,0.668574868308774
"Gry35HP_43455.29800260_12_21_8_16_40.wav",0.10231345156048,3,0.73129627943827,0.83360973099875
"Gry35HP_43455.29800260_12_21_8_16_40.wav",0.0968258949829897,4,1.95021411524989,2.04704001023288
"Gry35HP_43455.29800260_12_21_8_16_40.wav",0.102494858389488,5,2.18527201393693,2.28776687232642
"Gry35HP_43455.29800260_12_21_8_16_40.wav",0.104399630094071,6,2.73661271899932,2.84101234909339
"Gry35HP_43455.29800260_12_21_8_16_40.wav",0.107211435943694,7,2.89738452120761,3.00459595715131
"Gry35HP_43455.29800260_12_21_8_16_40.wav",0.184354689979322,8,3.07620630290219,3.26056099288151
"Gry35HP_43455.29800260_12_21_8_16_40.wav",0.118594714463943,9,3.29475618014951,3.41335089461345
"Gry35HP_43455.29800260_12_21_8_16_40.wav",0.0826761623203702,10,3.45013112919481,3.53280729151518
"Gry35HP_43455.29800260_12_21_8_16_40.wav",0.0457145209100016,11,3.55770537879653,3.60341989970653
"Gry35HP_43455.29800260_12_21_8_16_40.wav",0.188345640217497,12,3.63126584795925,3.81961148817674
"Gry35HP_43455.29800260_12_21_8_16_40.wav",0.115692205199815,13,3.85162979349664,3.96732199869646
"Gry35HP_43455.29800260_12_21_8_16_40.wav",0.0838553067089212,14,4.00709544595645,4.09095075266537
"Gry35HP_43455.29800260_12_21_8_16_40.wav",0.0471204238348131,15,4.11417082677839,4.1612912506132
"Gry35HP_43455.29800260_12_21_8_16_40.wav",0.187483957779708,16,4.18904649545142,4.37653045323113
"Gry35HP_43455.29800260_12_21_8_16_40.wav",0.11006859350057,17,4.41421772195753,4.5242863154581
"Gry35HP_43455.29800260_12_21_8_16_40.wav",0.0799097081779987,18,4.57190560807268,4.65181531625068
"Gry35HP_43455.29800260_12_21_8_16_40.wav",0.0440365077416782,19,4.67743903084805,4.72147553858973
"Gry35HP_43455.29800260_12_21_8_16_40.wav",0.190930687530861,20,4.74959359708596,4.94052428461682
"Gry35HP_43455.29800260_12_21_8_16_40.wav",0.106485808627663,21,4.97784873968521,5.08433454831287
"Gry35HP_43455.29800260_12_21_8_16_40.wav",0.0749210203802804,22,5.14383598822747,5.21875700860775
"Gry35HP_43455.29800260_12_21_8_16_40.wav",0.0522905184615396,23,5.31925639187816,5.37154691033969
"Gry35HP_43455.29800260_12_21_8_16_40.wav",0.216418347006476,24,6.33472646895737,6.55114481596384
"Gry35HP_43455.29800260_12_21_8_16_40.wav",0.108118470088734,25,6.58239214226046,6.6905106123492
"Gry35HP_43455.29800260_12_21_8_16_40.wav",0.109569724720798,26,6.71168985963587,6.82125958435667
"GRY37HP_43442.27431670_12_8_7_37_11.wav",0.0277098328172996,3,0.339093977045742,0.366803809863042
"GRY37HP_43442.27431670_12_8_7_37_11.wav",0.0177778305472691,5,0.414241592394786,0.432019422942055
"GRY37HP_43442.27431670_12_8_7_37_11.wav",0.105714599504297,6,0.449661198663707,0.555375798168004
"GRY37HP_43442.27431670_12_8_7_37_11.wav",0.0586849814494035,8,1.19637543325755,1.25506041470695
"GRY37HP_43442.27431670_12_8_7_37_11.wav",0.0751476153490427,9,2.13034645950872,2.20549407485776
"GRY37HP_43442.27431670_12_8_7_37_11.wav",0.0225397494438591,11,2.28993876995729,2.31247851940115
"GRY37HP_43442.27431670_12_8_7_37_11.wav",0.0306123357637924,12,2.37606147457276,2.40667381033655
"GRY37HP_43442.27431670_12_8_7_37_11.wav",0.0468028600121984,17,3.06549662758191,3.1122994875941
"GRY37HP_43442.27431670_12_8_7_37_11.wav",0.0820410598469636,18,3.21447666163236,3.29651772147933
"GRY37HP_43442.27431670_12_8_7_37_11.wav",0.0411792605533683,19,3.33293506313611,3.37411432368947
"GRY37HP_43442.27431670_12_8_7_37_11.wav",0.0215873656645411,22,3.47937540710838,3.50096277277292
"GRY37HP_43442.27431670_12_8_7_37_11.wav",0.0565081042395339,23,3.51597415519931,3.57248225943885
"GRY37HP_43442.27431670_12_8_7_37_11.wav",0.0219955301413917,24,3.58549817108953,3.60749370123092
"GRY37HP_43442.27431670_12_8_7_37_11.wav",0.015963766205711,25,3.63035091193455,3.64631467814026
"GRY37HP_43442.27431670_12_8_7_37_11.wav",0.0175057208960356,27,3.77905883633377,3.79656455722981
"GRY37HP_43442.27431670_12_8_7_37_11.wav",0.0487076275708342,28,3.82840138642415,3.87710901399499
"GRY37HP_43442.27431670_12_8_7_37_11.wav",0.0541044689869699,33,4.4925756934771,4.54668016246407
"GRY37HP_43442.27431670_12_8_7_37_11.wav",0.0234467816146386,34,4.57738320144494,4.60082998305958
"GRY37HP_43442.27431670_12_8_7_37_11.wav",0.0681634676340446,36,5.92695636834707,5.99511983598111
"GRY37HP_43442.27431670_12_8_7_37_11.wav",0.109524134621569,37,6.01271626009423,6.1222403947158
"GRY37HP_43442.27431670_12_8_7_37_11.wav",0.201723954781258,38,6.15371441104183,6.35543836582309
"GRY37HP_43442.27431670_12_8_7_37_11.wav",0.304944215815912,39,6.38160624395006,6.68655045976597
"GRY37HP_43442.27431670_12_8_7_37_11.wav",0.120862036756306,40,6.69875004246295,6.81961207921926
"GRY37HP_43442.27431670_12_8_7_37_11.wav",0.210431463620736,41,6.83485021968835,7.04528168330908
"GRY37HP_43442.27431670_12_8_7_37_11.wav",0.222676397926253,42,7.05920462713054,7.28188102505679
"GRY37HP_43442.27431670_12_8_7_37_11.wav",0.208073179976711,43,7.31453418320484,7.52260736318155
"GRY37HP_43442.27431670_12_8_7_37_11.wav",0.20938837662434,44,7.55630360832599,7.76569198495033
"GRY37HP_43442.27431670_12_8_7_37_11.wav",0.0814061373274182,45,7.79961498813747,7.88102112546488
"GRY37HP_43442.27431670_12_8_7_37_11.wav",0.116598985553646,46,7.89322070816186,8.00981969371551
"GRY37HP_43442.27431670_12_8_7_37_11.wav",0.0815875437615734,47,8.0463730901979,8.12796063395948
"GRY37HP_43442.27431670_12_8_7_37_11.wav",0.117369962898806,49,8.66097808911778,8.77834805201658
"GRY37HP_43442.27431670_12_8_7_37_11.wav",0.0818143018042683,50,8.81998082865534,8.90179513045961
"GRY37HP_43442.27431670_12_8_7_37_11.wav",0.119093324023288,51,8.91358654867974,9.03267987270303
"GRY37HP_43442.27431670_12_8_7_37_11.wav",0.0818143018042683,52,9.0754917911638,9.15730609296807
"GRY37HP_43442.27431670_12_8_7_37_11.wav",0.122086530186859,53,9.17059411426998,9.29268064445684
"GRY37HP_43442.27431670_12_8_7_37_11.wav",0.0802723471139437,55,9.8410269433013,9.92129929041525
"GRY37HP_43442.27431670_12_8_7_37_11.wav",0.117868830592737,56,9.93590250836479,10.0537713389575
"GRY37HP_43442.27431670_12_8_7_37_11.wav",0.220046004630994,57,10.0884653194898,10.3085113241208
"GRY37HP_43442.27431670_12_8_7_37_11.wav",0.214921272866093,58,10.3478311687241,10.5627524415902
"GRY37HP_43442.27431670_12_8_7_37_11.wav",0.0795467213773211,59,10.6080586985206,10.6876054198979
"GRY37HP_43442.27431670_12_8_7_37_11.wav",0.119184027240365,60,10.7031156700182,10.8222996972586
"GRY37HP_43442.27431670_12_8_7_37_11.wav",0.079773479420016,62,10.8679687670573,10.9477422464773
"GRY37HP_43442.27431670_12_8_7_37_11.wav",0.116689688770723,63,10.9634339030318,11.0801235918025
"GRY37HP_43442.27431670_12_8_7_37_11.wav",0.0809526212420284,64,11.1385364636007,11.2194890848427
"GRY37HP_43442.27431670_12_8_7_37_11.wav",0.120862036756305,65,11.2335027318813,11.3543647686376
"GRY37HP_43442.27431670_12_8_7_37_11.wav",0.0975059583587452,66,11.3913263295968,11.4888322879556
"GRY37HP_43442.27431670_12_8_7_37_11.wav",0.118503753112281,67,11.5034808575137,11.6219846106259
"GRY37HP_43442.27431670_12_8_7_37_11.wav",0.0792746117260883,68,12.2505579049758,12.3298325167019
"GRY37HP_43442.27431670_12_8_7_37_11.wav",0.116508282336568,69,12.3445264378685,12.4610347202051
"GRY37HP_43442.27431670_12_8_7_37_11.wav",0.0772791409503739,70,12.5045722644025,12.5818514053529
"GRY37HP_43442.27431670_12_8_7_37_11.wav",0.118186291852508,71,12.5970895458219,12.7152758376744
"GRY37HP_43442.27431670_12_8_7_37_11.wav",0.0783222279467708,72,12.7777250026326,12.8560472305794
"GRY37HP_43442.27431670_12_8_7_37_11.wav",0.120408520670917,73,12.870151580835,12.9905601015059
"GRY37HP_43442.27431670_12_8_7_37_11.wav",0.0809072696334905,74,13.0658437716805,13.146751041314
"GRY37HP_43442.27431670_12_8_7_37_11.wav",0.115918711425561,75,13.1619891817831,13.2779078932087
"HP23HP_43463.28700702_12_29_7_58_20.wav",0.0701590119671008,1,0.382722625720985,0.452881637688086
"HP23HP_43463.28700702_12_29_7_58_20.wav",0.0156463213501291,2,0.469434992159962,0.485081313510091
"HP23HP_43463.28700702_12_29_7_58_20.wav",0.0155556180379545,3,0.512020197225965,0.52757581526392
"HP23HP_43463.28700702_12_29_7_58_20.wav",0.0224037181071413,5,1.07809956850803,1.10050328661517
"HP23HP_43463.28700702_12_29_7_58_20.wav",0.0273016969645732,6,1.11601355299704,1.14331524996161
"HP23HP_43463.28700702_12_29_7_58_20.wav",0.21646345450483,8,1.69374829989355,1.91021175439838
"HP23HP_43463.28700702_12_29_7_58_20.wav",0.135601451701119,9,2.17433979945099,2.30994125115211
"HP23HP_43463.28700702_12_29_7_58_20.wav",0.0165533544718759,10,2.32722023212138,2.34377358659326
"HP23HP_43463.28700702_12_29_7_58_20.wav",0.150612849866026,15,3.11747283944312,3.26808568930915
"HP23HP_43463.28700702_12_29_7_58_20.wav",0.154513092289536,16,3.29779102404635,3.45230411633589
"HP23HP_43463.28700702_12_29_7_58_20.wav",0.0352382367798563,17,3.8835983657264,3.91883660250626
"HP23HP_43463.28700702_12_29_7_58_20.wav",0.0157823763183917,19,3.98709084491769,4.00287322123608
"HP23HP_43463.28700702_12_29_7_58_20.wav",0.160499510893064,20,5.12913624850886,5.28963575940192
"HP23HP_43463.28700702_12_29_7_58_20.wav",0.0443992713094969,23,5.64868482064532,5.69308409195482
"HP23HP_43463.28700702_12_29_7_58_20.wav",0.0420863368490432,24,5.89984229205696,5.941928628906
"HP23HP_43463.28700702_12_29_7_58_20.wav",0.037097654679437,25,6.06914002423097,6.1062376789104
"HP23HP_43463.28700702_12_29_7_58_20.wav",0.0225397730754038,26,6.32124988042044,6.34378965349584
"HP23HP_43463.28700702_12_29_7_58_20.wav",0.040136215637288,27,6.38315489097964,6.42329110661693
"HP23HP_43463.28700702_12_29_7_58_20.wav",0.0883450260581213,28,6.5286430037078,6.61698802976592
"HP23HP_43463.28700702_12_29_7_58_20.wav",0.0233561028849758,29,6.65100177183142,6.6743578747164
"HP23HP_43463.28700702_12_29_7_58_20.wav",0.036372028182039,30,6.68945997619348,6.72583200437552
"HP23HP_43463.28700702_12_29_7_58_20.wav",0.149388355151668,31,6.74605884299047,6.89544719814213
"HP23HP_43463.28700702_12_29_7_58_20.wav",0.0794561014650039,32,6.92361057657237,7.00306667803737
"HP23HP_43463.28700702_12_29_7_58_20.wav",0.0786397716554319,33,7.02887177035106,7.10751154200649
"HP23HP_43463.28700702_12_29_7_58_20.wav",0.0761454305706293,34,7.13748898668022,7.21363441725085
"HP23HP_43463.28700702_12_29_7_58_20.wav",0.0575512515748233,35,7.24488170829502,7.30243295986984
"HP23HP_43463.28700702_12_29_7_58_20.wav",0.0262586088745644,36,7.33168477804617,7.35794338692073
"HP23HP_43463.28700702_12_29_7_58_20.wav",0.0410432487590349,37,7.36900919100604,7.41005243976508
"HP23HP_43463.28700702_12_29_7_58_20.wav",0.151202421395161,38,7.43055138831655,7.58175380971171
"HP23HP_43463.28700702_12_29_7_58_20.wav",0.0793200464967416,39,7.6097357815176,7.68905582801434
"HP23HP_43463.28700702_12_29_7_58_20.wav",0.0813608710206708,40,7.71685639319587,7.79821726421654
"HP23HP_43463.28700702_12_29_7_58_20.wav",0.0794561014650039,41,7.82438516977893,7.90384127124394
"HP23HP_43463.28700702_12_29_7_58_20.wav",0.0590025045696176,42,7.93164183642547,7.99064434099509
"HP23HP_43463.28700702_12_29_7_58_20.wav",0.0261679055623905,43,8.02012291745185,8.04629082301424
"HP23HP_43463.28700702_12_29_7_58_20.wav",0.0349661268433312,44,8.05962420990392,8.09459033674725
"HP23HP_43463.28700702_12_29_7_58_20.wav",0.151928047892557,45,8.12030472574877,8.27223277364132
"HP23HP_43463.28700702_12_29_7_58_20.wav",0.0817690359254577,46,8.30016939379112,8.38193842971658
"HP23HP_43463.28700702_12_29_7_58_20.wav",0.0824493107667674,47,8.40602015909895,8.48846946986572
"HP23HP_43463.28700702_12_29_7_58_20.wav",0.0801363763063137,48,8.51536300192551,8.59549937823182
"HP23HP_43463.28700702_12_29_7_58_20.wav",0.0601362959718017,49,8.62416162487901,8.68429792085081
"HP23HP_43463.28700702_12_29_7_58_20.wav",0.0252608724406436,50,8.71377649730758,8.73903736974822
"HP23HP_43463.28700702_12_29_7_58_20.wav",0.0380046878011822,51,8.75445693281791,8.7924616206191
"HP23HP_43463.28700702_12_29_7_58_20.wav",0.154240982353013,52,8.81368619566797,8.96792717802098
"HP23HP_43463.28700702_12_29_7_58_20.wav",0.0816783326132828,53,8.99414043523946,9.07581876785274
"HP23HP_43463.28700702_12_29_7_58_20.wav",0.0809527061158857,54,9.10457171781211,9.18552442392799
"HP23HP_43463.28700702_12_29_7_58_20.wav",0.080363134586749,55,9.21473089044824,9.29509402503498
"LB18_43505.28993133_2_9_8_3_13.wav",0.0163265646940851,3,2.28766917462147,2.30399573931556
"LB18_43505.28993133_2_9_8_3_13.wav",0.0363719580129338,4,2.35361035535814,2.38998231337107
"LB18_43505.28993133_2_9_8_3_13.wav",0.0261678550791307,5,2.41211387884528,2.43828173392441
"LB18_43505.28993133_2_9_8_3_13.wav",0.142313222250108,6,3.2687596580302,3.41107288028031
"LB18_43505.28993133_2_9_8_3_13.wav",0.138594393625344,7,3.44150378280734,3.58009817643268
"LB18_43505.28993133_2_9_8_3_13.wav",0.0782768073944187,8,4.94599671936727,5.02427352676169
"LB18_43505.28993133_2_9_8_3_13.wav",0.0319728558592498,10,5.86028434223604,5.89225719809528
"LB18_43505.28993133_2_9_8_3_13.wav",0.14340165989638,11,6.31266623896797,6.45606789886435
"LB18_43505.28993133_2_9_8_3_13.wav",0.139365370291453,12,6.4906711457021,6.63003651599355
"LB18_43505.28993133_2_9_8_3_13.wav",0.0472109829070622,13,8.4822399289689,8.52945091187596
"LB18_43505.28993133_2_9_8_3_13.wav",0.14031775323194,14,9.37929395577168,9.51961170900362
"LB18_43505.28993133_2_9_8_3_13.wav",0.14349236303357,15,10.84446708236,10.9879594453936
"LB18_43505.28993133_2_9_8_3_13.wav",0.14290279264184,16,11.0143540583157,11.1572568509575
"LB18_43505.28993133_2_9_8_3_13.wav",0.138186229507992,17,11.1952614654399,11.3334476949479
"LB18_43505.28993133_2_9_8_3_13.wav",0.0159637521453284,18,12.4457856178696,12.4617493700149
"LB18_43505.28993133_2_9_8_3_13.wav",0.0165079709684637,20,12.723563975512,12.7400719464805
"LB18_43505.28993133_2_9_8_3_13.wav",0.0564173513317829,21,12.8108203934882,12.86723774482
"LB18_43505.28993133_2_9_8_3_13.wav",0.0589570391730838,22,12.915129001256,12.974086040429
"LB18_43505.28993133_2_9_8_3_13.wav",0.0606803987796827,23,13.02052604667,13.0812064454497
"LB18_43505.28993133_2_9_8_3_13.wav",0.0274376989997815,24,13.1182133254229,13.1456510244227
"LB18_43505.28993133_2_9_8_3_13.wav",0.0248073080212894,25,13.1905037257629,13.2153110337841
"LB18_43505.28993133_2_9_8_3_13.wav",0.141406190878213,26,13.2339505284766,13.3753567193548
"LB18_43505.28993133_2_9_8_3_13.wav",0.0685715717151574,27,13.4121368414851,13.4807084132002
"LB18_43505.28993133_2_9_8_3_13.wav",0.058322117212759,28,13.5102322843554,13.5685544015681
"LB18_43505.28993133_2_9_8_3_13.wav",0.0717461815167848,29,13.5936791705696,13.6654253520864
"LB18_43505.28993133_2_9_8_3_13.wav",0.0396372709517507,30,13.7444277845783,13.78406505553
"LB18_43505.28993133_2_9_8_3_13.wav",0.145714589894709,31,13.8248814672653,13.97059605716
"LB18_43505.28993133_2_9_8_3_13.wav",0.0693425483812664,32,14.0068319604671,14.0761745088484
"LB18_43505.28993133_2_9_8_3_13.wav",0.0580046562325975,33,14.1058797862779,14.1638844425105
"LB18_43505.28993133_2_9_8_3_13.wav",0.0702949313217545,34,14.1909139773929,14.2612089087147
"LB18_43505.28993133_2_9_8_3_13.wav",0.0517007881979357,35,14.3801207215699,14.4318215097679
"LB18_43505.28993133_2_9_8_3_13.wav",0.0287982460576224,36,14.4673317879775,14.4961300340351
"LB18_43505.28993133_2_9_8_3_13.wav",0.143038847347622,37,14.5863343039699,14.7293731513176
"LB18_43505.28993133_2_9_8_3_13.wav",0.0709752048506758,38,14.7656997577619,14.8366749626126
"LB18_43505.28993133_2_9_8_3_13.wav",0.057369734272271,39,14.8663802400421,14.9237499743144
"LB18_43505.28993133_2_9_8_3_13.wav",0.0715647752424076,40,14.9508248607654,15.0223896360078
"LB18_43505.28993133_2_9_8_3_13.wav",0.0430839901649449,41,15.1062446863394,15.1493286765043
"LB18_43505.28993133_2_9_8_3_13.wav",0.145623886757519,42,15.1882856739271,15.3339095606847
"LB18_43505.28993133_2_9_8_3_13.wav",0.0708845017134845,43,15.3708257375207,15.4417102392342
"LB18_43505.28993133_2_9_8_3_13.wav",0.0590930938788681,44,15.4701456727431,15.5292387666219
"LB18_43505.28993133_2_9_8_3_13.wav",0.0722450487713271,45,15.554408887192,15.6266539359633
"LB18_43505.28993133_2_9_8_3_13.wav",0.0586849297615153,46,15.7305090280451,15.7891939578067
"LB18_43505.28993133_2_9_8_3_13.wav",0.0298866837038947,47,15.8231622826841,15.853048966388
"LB18_43505.28993133_2_9_8_3_13.wav",0.146213457149251,49,15.9375389386799,16.0837523958291
"LB18_43505.28993133_2_9_8_3_13.wav",0.0698414156358069,50,16.1211674399197,16.1910088555555
"LB18_43505.28993133_2_9_8_3_13.wav",0.057006921723513,51,16.222392141023,16.2793990627466
"LB18_43505.28993133_2_9_8_3_13.wav",0.070929853282081,52,16.3088322307645,16.3797620840466
"LB18_43505.28993133_2_9_8_3_13.wav",0.0408617633038055,53,16.4725513933913,16.5134131566951
"LB18_43505.28993133_2_9_8_3_13.wav",0.146984433815359,54,16.5540028105873,16.7009872444027
"LB18_43505.28993133_2_9_8_3_13.wav",0.0705216891647282,55,16.7369510382983,16.807472727463
"LB18_43505.28993133_2_9_8_3_13.wav",0.058186062506973,56,16.8384932003818,16.8966792628888
"LB18_43505.28993133_2_9_8_3_13.wav",0.0718822362225673,57,16.9242530165943,16.9961352528169
"LB18_43505.28993133_2_9_8_3_13.wav",0.0415420368327268,58,18.9018081651654,18.9433502019981
"LB18_43505.28993133_2_9_8_3_13.wav",0.217506122980087,59,19.2279766464983,19.4454827694784
"LB18_43505.28993133_2_9_8_3_13.wav",0.0230385968460958,60,19.5078411762961,19.5308797731422
"LB18_43505.28993133_2_9_8_3_13.wav",0.0265306676278882,61,20.5039430289096,20.5304736965375
"LB80R_43560.32514807_4_5_9_1_54.wav",0.0579594258815543,2,2.45257260739325,2.5105320332748
"LB80R_43560.32514807_4_5_9_1_54.wav",0.0480274115872974,3,3.07116929677071,3.11919670835801
"LB80R_43560.32514807_4_5_9_1_54.wav",0.0593199757848772,4,4.88723130772608,4.94655128351096
"LB80R_43560.32514807_4_5_9_1_54.wav",0.0778234544700682,5,5.21312836123535,5.29095181570542
"LB80R_43560.32514807_4_5_9_1_54.wav",0.0899777002730859,6,5.52133826600143,5.61131596627451
"LB80R_43560.32514807_4_5_9_1_54.wav",0.093152316714173,7,5.7205227718479,5.81367508856207
"LB80R_43560.32514807_4_5_9_1_54.wav",0.0855785889190086,8,5.86791567804121,5.95349426696022
"LB80R_43560.32514807_4_5_9_1_54.wav",0.0794561143540555,9,5.98859645446595,6.06805256882
"LB80R_43560.32514807_4_5_9_1_54.wav",0.144308993079113,10,6.08877827901395,6.23308727209307
"LB80R_43560.32514807_4_5_9_1_54.wav",0.199910132461574,11,6.2631554249565,6.46306555741807
"LB80R_43560.32514807_4_5_9_1_54.wav",0.159275042015664,12,6.48809967563922,6.64737471765488
"LB80R_43560.32514807_4_5_9_1_54.wav",0.0312926477764259,13,6.67426825407723,6.70556090185365
"LB80R_43560.32514807_4_5_9_1_54.wav",0.17428644261566,14,6.73209162496845,6.90637806758411
"LB80R_43560.32514807_4_5_9_1_54.wav",0.0301588561903232,15,6.92891784431583,6.95907670050615
"LB80R_43560.32514807_4_5_9_1_54.wav",0.0488437415292911,16,6.98179788389164,7.03064162542093
"LB80R_43560.32514807_4_5_9_1_54.wav",0.0687077701178049,17,7.05231972054721,7.12102749066502
"LB80R_43560.32514807_4_5_9_1_54.wav",0.197642549289369,18,7.15132240184567,7.34896495113504
"LB80R_43560.32514807_4_5_9_1_54.wav",0.161406570197537,19,7.37653876250905,7.53794533270659
"LB80R_43560.32514807_4_5_9_1_54.wav",0.0301135045268799,20,7.56633547402259,7.59644897854947
"LB80R_43560.32514807_4_5_9_1_54.wav",0.179547235575174,21,7.62257153669327,7.80211877226844
"LB80R_43560.32514807_4_5_9_1_54.wav",0.0318368677377547,22,7.82923906700801,7.86107593474577
"LB80R_43560.32514807_4_5_9_1_54.wav",0.0488890931927353,23,7.8811667216515,7.93005581484424
"LB80R_43560.32514807_4_5_9_1_54.wav",0.0691612867522462,24,7.95196066828774,8.02112195503998
"LB80R_43560.32514807_4_5_9_1_54.wav",0.202041660643447,25,8.0512808112303,8.25332247187375
"LB80R_43560.32514807_4_5_9_1_54.wav",0.163175285071857,26,8.2809416349112,8.44411691998306
"LB80R_43560.32514807_4_5_9_1_54.wav",0.030521669497876,27,8.47173608302052,8.50225775251839
"LB80R_43560.32514807_4_5_9_1_54.wav",0.180091455536504,28,8.52892453062352,8.70901598616002
"LB80R_43560.32514807_4_5_9_1_54.wav",0.032290384372196,29,8.81881236335818,8.85110274773038
"LIME3_43372.31656767_9_29_8_47_36.wav",0.0223584405045129,1,0.393562975046984,0.415921415551497
"LIME3_43372.31656767_9_29_8_47_36.wav",0.0242178645626976,2,0.660730465943709,0.684948330506407
"LIME3_43372.31656767_9_29_8_47_36.wav",0.0265761584901513,3,0.899553077904693,0.926129236394844
"LIME3_43372.31656767_9_29_8_47_36.wav",0.0432656232075159,4,1.11397641807779,1.15724204128531
"LIME3_43372.31656767_9_29_8_47_36.wav",0.0536058350432744,5,1.22975957955451,1.28336541459778
"LIME3_43372.31656767_9_29_8_47_36.wav",0.061769160176768,6,1.31815025002772,1.37991941020449
"LIME3_43372.31656767_9_29_8_47_36.wav",0.0642181577168162,7,1.40926202887877,1.47348018659559
"LIME3_43372.31656767_9_29_8_47_36.wav",0.148663221042177,8,1.50273210165727,1.65139532269945
"LIME3_43372.31656767_9_29_8_47_36.wav",0.0655787119057316,9,1.69602150009588,1.76160021200161
"LIME3_43372.31656767_9_29_8_47_36.wav",0.206849588521467,10,1.78287020915499,1.98971979767646
"LIME3_43372.31656767_9_29_8_47_36.wav",0.0536511868495717,11,2.04477689052125,2.09842807737082
"LIME3_43372.31656767_9_29_8_47_36.wav",0.0644449167483017,12,2.13638753924156,2.20083245598986
"LIME3_43372.31656767_9_29_8_47_36.wav",0.151701792064089,13,2.22940409395709,2.38110588602118
"LIME3_43372.31656767_9_29_8_47_36.wav",0.0667578588694586,14,2.42160504904457,2.48836290791403
"LIME3_43372.31656767_9_29_8_47_36.wav",0.208074087291491,15,2.51108416286892,2.71915825016041
"LIME3_43372.31656767_9_29_8_47_36.wav",0.0528802061425195,16,2.77516773093743,2.82804793707995
"LIME3_43372.31656767_9_29_8_47_36.wav",0.0649891384238681,17,2.8660073989507,2.93099653737457
"LIME3_43372.31656767_9_29_8_47_36.wav",0.150613348712956,18,2.95879719463474,3.1094105433477
"LIME3_43372.31656767_9_29_8_47_36.wav",0.0689347455717231,19,3.14909337385774,3.21802811942946
"LIME3_43372.31656767_9_29_8_47_36.wav",0.0916560005266138,20,3.24029585632138,3.33195185684799
"LIME3_43372.31656767_9_29_8_47_36.wav",0.106939559248766,21,3.34238277229634,3.44932233154511
"LIME3_43372.31656767_9_29_8_47_36.wav",0.0533337242054914,22,3.50610279302919,3.55943651723468
"LIME3_43372.31656767_9_29_8_47_36.wav",0.0653066010679484,23,3.59757738633061,3.66288398739856
"LIME3_43372.31656767_9_29_8_47_36.wav",0.151112218582225,24,3.69204519884765,3.84315741742988
"LIME3_43372.31656767_9_29_8_47_36.wav",0.0685719311213457,25,3.88193321181397,3.95050514293532
"LIME3_43372.31656767_9_29_8_47_36.wav",0.0918827595580991,26,3.97404273040356,4.06592548996166
"LIME3_43372.31656767_9_29_8_47_36.wav",0.110749110977729,27,4.07640175721631,4.18715086819404
"R29HP_43442.28304265_12_8_7_51_44.wav",0.0181406459429861,1,0.319366071826271,0.337506717769257
"R29HP_43442.28304265_12_8_7_51_44.wav",0.0695693771913519,2,0.348436456949906,0.418005834141258
"R29HP_43442.28304265_12_8_7_51_44.wav",0.0963268299572565,3,0.519049232043691,0.615376062000948
"R29HP_43442.28304265_12_8_7_51_44.wav",0.0977780816326954,4,0.700818504392412,0.798596586025108
"R29HP_43442.28304265_12_8_7_51_44.wav",0.154875764738244,5,0.84186202659913,0.996737791337374
"R29HP_43442.28304265_12_8_7_51_44.wav",0.177914385085837,6,1.02861997658217,1.20653436166801
"R29HP_43442.28304265_12_8_7_51_44.wav",0.100861991443003,7,1.25392679919406,1.35478879063706
"R29HP_43442.28304265_12_8_7_51_44.wav",0.157007290636545,8,1.39315625680648,1.55016354744302
"R29HP_43442.28304265_12_8_7_51_44.wav",0.182041382037866,9,1.58218178753239,1.76422316957026
"R29HP_43442.28304265_12_8_7_51_44.wav",0.102630704422444,10,1.80980154250201,1.91243224692446
"R29HP_43442.28304265_12_8_7_51_44.wav",0.15727940032569,11,1.94921240657386,2.10649180689955
"R29HP_43442.28304265_12_8_7_51_44.wav",0.182358843341868,12,2.14163930841409,2.32399815175596
"R29HP_43442.28304265_12_8_7_51_44.wav",0.102630704422444,13,2.37034750214029,2.47297820656273
"R29HP_43442.28304265_12_8_7_51_44.wav",0.156825884177115,14,2.51424817608302,2.67107406026014
"R29HP_43442.28304265_12_8_7_51_44.wav",0.179456339990991,15,2.70626691338953,2.88572325338052
"R29HP_43442.28304265_12_8_7_51_44.wav",0.102676056037302,16,2.932344713454,3.0350207694913
"R29HP_43442.28304265_12_8_7_51_44.wav",0.157143345481118,17,3.08028168111905,3.23742502660017
"R29HP_43442.28304265_12_8_7_51_44.wav",0.181587865889291,18,3.27429588947928,3.45588375536858
"R29HP_43442.28304265_12_8_7_51_44.wav",0.101587617280722,19,3.50323084127977,3.60481845856049
"R29HP_43442.28304265_12_8_7_51_44.wav",0.159501629453706,20,3.64522674739849,3.8047283768522
"R29HP_43442.28304265_12_8_7_51_44.wav",0.179683098065278,21,3.84082826227874,4.02051136034402
"R29HP_43442.28304265_12_8_7_51_44.wav",0.101134101132148,22,4.06976321407923,4.17089731521138
"R29HP_43442.28304265_12_8_7_51_44.wav",0.159501629453706,23,4.21162306535338,4.37112469480708
"R29HP_43442.28304265_12_8_7_51_44.wav",0.182177436882438,24,4.40658965762562,4.58876709450806
"R29HP_43442.28304265_12_8_7_51_44.wav",0.103719143179023,25,4.63792824501355,4.74164738819258
"R29HP_43442.28304265_12_8_7_51_44.wav",0.160544716595427,26,4.78110329311857,4.941648009714
"R29HP_43442.28304265_12_8_7_51_44.wav",0.181996030423008,27,4.97706762091768,5.15906365134069
"R29HP_43442.28304265_12_8_7_51_44.wav",0.103809846408738,28,5.20554905656959,5.30935890297833
"R29HP_43442.28304265_12_8_7_51_44.wav",0.160181903676568,29,5.34922297243804,5.50940487611461
"R29HP_43442.28304265_12_8_7_51_44.wav",0.180680833592142,30,5.54636644222344,5.72704727581558
"R29HP_43442.28304265_12_8_7_51_44.wav",0.0255783107796104,31,5.77634448116565,5.80192279194526
"R29HP_43442.28304265_12_8_7_51_44.wav",0.0661226544621849,32,5.81344210211906,5.87956475658124
"R29HP_43442.28304265_12_8_7_51_44.wav",0.161224990818289,33,5.92047191318267,6.08169690400096
"R29HP_43442.28304265_12_8_7_51_44.wav",0.181043646511002,34,6.1183410088058,6.2993846553168
"R29HP_43442.28304265_12_8_7_51_44.wav",0.104263362557313,35,6.34927143166001,6.45353479421732
"R29HP_43442.28304265_12_8_7_51_44.wav",0.16049936498057,36,6.49398843467018,6.65448779965075
"R29HP_43442.28304265_12_8_7_51_44.wav",0.185352049922461,37,6.69262850774588,6.87798055766834
"R29HP_43442.28304265_12_8_7_51_44.wav",0.106122778766469,38,6.93185827611901,7.03798105488548
"R29HP_43442.28304265_12_8_7_51_44.wav",0.161179639203432,39,7.07834399210862,7.23952363131205
"R29HP_43442.28304265_12_8_7_51_44.wav",0.185352049922461,40,7.27517000059002,7.46052205051248
"R29HP_43442.28304265_12_8_7_51_44.wav",0.0655330834690382,42,8.50655704719992,8.57209013066896
"R29HP_43442.28304265_12_8_7_51_44.wav",0.100227068834998,43,8.63780462059743,8.73803168943243
"R29HP_43442.28304265_12_8_7_51_44.wav",0.160998232744001,44,8.77544677168983,8.93644500443384
"R29HP_43442.28304265_12_8_7_51_44.wav",0.183311227253874,45,8.96728410253691,9.15059532979079
"R29HP_43442.28304265_12_8_7_51_44.wav",0.104852933550459,46,9.19467709943224,9.2995300329827
"R29HP_43442.28304265_12_8_7_51_44.wav",0.159728387527993,47,9.33789749915212,9.49762588668011
"R29HP_43442.28304265_12_8_7_51_44.wav",0.182404194956726,48,9.53272803657979,9.71513223153652
"R29HP_43442.28304265_12_8_7_51_44.wav",0.103310978645306,49,9.76388521750829,9.8671961961536
"R29HP_43442.28304265_12_8_7_51_44.wav",0.161224990818289,50,9.90751378176189,10.0687387725802
"R29HP_43442.28304265_12_8_7_51_44.wav",0.185034588618459,51,10.1020722095004,10.2871067981189
"R29HP_43442.28304265_12_8_7_51_44.wav",0.103900549638453,52,10.3357237292461,10.4396242788845
"R29HP_43442.28304265_12_8_7_51_44.wav",0.162086671500582,53,10.4787627225065,10.6408493940071
"R29HP_43442.28304265_12_8_7_51_44.wav",0.184717127314457,54,10.6767225213594,10.8614396486738
"R29HP_43442.28304265_12_8_7_51_44.wav",0.10467152709103,55,10.9096484152673,11.0143199423583
"R29HP_43442.28304265_12_8_7_51_44.wav",0.162721594108586,56,11.0554992086489,11.2182208027575
"R29HP_43442.28304265_12_8_7_51_44.wav",0.183311227253876,57,11.2566336205418,11.4399448477956
"R29HP_43442.28304265_12_8_7_51_44.wav",0.104535472246457,58,11.4906479532063,11.5951834254527
"R29HP_43442.28304265_12_8_7_51_44.wav",0.162494836034298,59,11.6370429659662,11.7995378020005
"R29HP_43442.28304265_12_8_7_51_44.wav",0.183764743402451,60,11.8382227294739,12.0219874728764
"R29HP_43442.28304265_12_8_7_51_44.wav",0.107392623982477,61,12.0722824137533,12.1796750377358
"R29HP_43442.28304265_12_8_7_51_44.wav",0.164172845784025,62,12.2194484039658,12.3836212497498
"R29HP_43442.28304265_12_8_7_51_44.wav",0.185850917685892,63,12.4208095739329,12.6066604916188
"R36_43455.29204222_12_21_8_6_44.wav",0.0320182789811623,1,0.379729532449393,0.411747811430556
"R36_43455.29204222_12_21_8_6_44.wav",0.233651803556584,2,0.444128903771278,0.677780707327861
"R36_43455.29204222_12_21_8_6_44.wav",0.0251248251495242,4,2.07102935970787,2.09615418485739
"R36_43455.29204222_12_21_8_6_44.wav",0.111973273094178,5,2.1182404481206,2.23021372121478
"R36_43455.29204222_12_21_8_6_44.wav",0.0234014616916141,7,3.48772482544944,3.51112628714105
"R36_43455.29204222_12_21_8_6_44.wav",0.102585477415565,8,3.54863211818556,3.65121759560112
"R36_43455.29204222_12_21_8_6_44.wav",0.0425398664083998,9,3.67765761917905,3.72019748558745
"R36_43455.29204222_12_21_8_6_44.wav",0.0647168330114996,11,5.53530737179575,5.60002420480725
"R36_43455.29204222_12_21_8_6_44.wav",0.0614968644454059,13,6.63104906933663,6.69254593378203
"R36_43455.29204222_12_21_8_6_44.wav",0.0636283929328192,14,6.77318120294423,6.83680959587704
"R36_43455.29204222_12_21_8_6_44.wav",0.0717009901830279,15,6.88959893969301,6.96129992987604
"R36_43455.29204222_12_21_8_6_44.wav",0.0671204715185834,16,6.99254723046814,7.05966770198672
"R36_43455.29204222_12_21_8_6_44.wav",0.230477186660434,17,7.08388549373734,7.31436268039778
"R36_43455.29204222_12_21_8_6_44.wav",0.315965084506739,18,7.39037207922558,7.70633716373232
"R36_43455.29204222_12_21_8_6_44.wav",0.0739685736802773,19,7.78656426786501,7.86053284154528
"R36_43455.29204222_12_21_8_6_44.wav",0.233288990197023,20,7.88311797317789,8.11640696337491
"R36_43455.29204222_12_21_8_6_44.wav",0.319729273112172,21,8.18856147025739,8.50829074336956
"R39Y212_43533.30691176_3_9_8_31_31.wav",0.0659413002171211,1,0.00526079148912383,0.0712020917062449
"R39Y212_43533.30691176_3_9_8_31_31.wav",0.0220862539241664,2,0.088254312395129,0.110340566319295
"R39Y212_43533.30691176_3_9_8_31_31.wav",0.0517915851774087,3,0.183175317453199,0.234966902630608
"R39Y212_43533.30691176_3_9_8_31_31.wav",0.0201814845918974,4,0.245080320751941,0.265261805343838
"R39Y212_43533.30691176_3_9_8_31_31.wav",0.0690705641201344,5,0.279819685240466,0.3488902493606
"R39Y212_43533.30691176_3_9_8_31_31.wav",0.0156916711658349,6,0.384309888610649,0.400001559776484
"R39Y212_43533.30691176_3_9_8_31_31.wav",0.0191383966242263,8,0.497099444071433,0.51623784069566
"R39Y212_43533.30691176_3_9_8_31_31.wav",0.15687136000758,9,0.527666456689273,0.684537816696854
"R39Y212_43533.30691176_3_9_8_31_31.wav",0.0701590037385738,11,1.07079782629054,1.14095683002911
"R39Y212_43533.30691176_3_9_8_31_31.wav",0.0825853560490906,12,1.15338318233963,1.23596853838872
"R39Y212_43533.30691176_3_9_8_31_31.wav",0.257415969760921,13,1.25642213288523,1.51383810264615
"R39Y212_43533.30691176_3_9_8_31_31.wav",0.197007570937533,17,3.17710989457388,3.37411746551141
"R39Y212_43533.30691176_3_9_8_31_31.wav",0.236146045550584,18,3.38609030131424,3.62223634686483
"R39Y212_43533.30691176_3_9_8_31_31.wav",0.162268206449009,20,3.98695432234357,4.14922252879258
"R39Y212_43533.30691176_3_9_8_31_31.wav",0.0822678944937127,21,4.15965340846929,4.241921302963
"R39Y212_43533.30691176_3_9_8_31_31.wav",0.142948403221709,22,4.25239753429048,4.39534593751219
"R39Y212_43533.30691176_3_9_8_31_31.wav",0.18049957005787,23,4.40636638864889,4.58686595870676
"R39Y212_43533.30691176_3_9_8_31_31.wav",0.0834470374136886,24,4.60205876171414,4.68550579912783
"R39Y212_43533.30691176_3_9_8_31_31.wav",0.0843087187782867,25,4.69815890969219,4.78246762847047
"R39Y212_43533.30691176_3_9_8_31_31.wav",0.0758733117353803,27,5.22700450930144,5.30287782103682
"R39Y212_43533.30691176_3_9_8_31_31.wav",0.0639911792340833,30,6.48279171907591,6.54678289830999
"R39Y212_43533.30691176_3_9_8_31_31.wav",0.063900475932547,31,6.56664692134651,6.63054739727906
"R39Y212_43533.30691176_3_9_8_31_31.wav",0.0648075089479132,32,6.65812120094619,6.7229287098941
"R39Y212_43533.30691176_3_9_8_31_31.wav",0.144717117601674,33,6.73517365560155,6.87989077320322
"R39Y212_43533.30691176_3_9_8_31_31.wav",0.181724064628614,34,6.89091122433992,7.07263528896853
"R39Y212_43533.30691176_3_9_8_31_31.wav",0.0660773551694263,35,7.10224991692024,7.16832727208967
"R39Y212_43533.30691176_3_9_8_31_31.wav",0.0727440478323667,36,7.18909832814155,7.26184237597392
"R39Y212_43533.30691176_3_9_8_31_31.wav",0.0725626412292941,37,7.27522111295057,7.34778375417986
"R39Y212_43533.30691176_3_9_8_31_31.wav",0.0636283660279373,39,7.81644771321957,7.8800760792475
"R39Y212_43533.30691176_3_9_8_31_31.wav",0.0711113884047085,40,7.90991746545305,7.98102885385776
"R39Y212_43533.30691176_3_9_8_31_31.wav",0.146848645187784,41,7.99504251394517,8.14189115913295
"R39Y212_43533.30691176_3_9_8_31_31.wav",0.179275075487125,42,8.15377329163425,8.33304836712137
"R39Y212_43533.30691176_3_9_8_31_31.wav",0.0359638590592688,43,8.79073722667515,8.82670108573442
"R39Y212_43533.30691176_3_9_8_31_31.wav",0.0551022556834955,44,8.84252881185255,8.89763106753605
"R39Y212_43533.30691176_3_9_8_31_31.wav",0.045442354069845,47,9.03627106393477,9.08171341800461
"R39Y212_43533.30691176_3_9_8_31_31.wav",0.0188662867196179,48,9.11903782658693,9.13790411330655
"R39Y212_43533.30691176_3_9_8_31_31.wav",0.0203628911949707,49,9.1530062130124,9.17336910420737
"R39Y212_43533.30691176_3_9_8_31_31.wav",0.0461679804821387,50,9.19704266590843,9.24321064639056
"R39Y212_43533.30691176_3_9_8_31_31.wav",0.0211792209088006,51,9.26507014206089,9.28624936296969
"R39Y212_43533.30691176_3_9_8_31_31.wav",0.064762157297146,52,9.30670295746619,9.37146511476334
"R39Y212_43533.30691176_3_9_8_31_31.wav",0.0703404103416467,53,9.43908442605889,9.50942483640054
"R39Y212_43533.30691176_3_9_8_31_31.wav",0.185624306594688,54,9.52620494718481,9.7118292537795
"R39Y212_43533.30691176_3_9_8_31_31.wav",0.0214966824641785,55,9.73677266170207,9.75826934416625
"R39Y212_43533.30691176_3_9_8_31_31.wav",0.0193651548780682,56,9.77368890542747,9.79305406030554
"R39Y212_43533.30691176_3_9_8_31_31.wav",0.0231746935426056,57,9.80421056639454,9.82738525993715
"R39Y212_43533.30691176_3_9_8_31_31.wav",0.021678089067251,60,9.99069655435383,10.0123746434211
"R39Y212_43533.30691176_3_9_8_31_31.wav",0.0324264302993402,61,10.0440754473081,10.0765018776075
"R39Y212_43533.30691176_3_9_8_31_31.wav",0.065124970503291,64,10.3036682963059,10.3687932668092
"R39Y212_43533.30691176_3_9_8_31_31.wav",0.0837644989690656,65,10.3792241464859,10.462988645455
"R39Y212_43533.30691176_3_9_8_31_31.wav",0.0308844741732184,66,10.498408284705,10.5292927588783
"R39Y212_43533.30691176_3_9_8_31_31.wav",0.0486623212743957,67,10.5777283218988,10.6263906431732
"R39Y212_43533.30691176_3_9_8_31_31.wav",0.0152835063089203,70,10.7570941006875,10.7723776069964
"R39Y212_43533.30691176_3_9_8_31_31.wav",0.0167801107842749,72,10.9415392643622,10.9583193751465
"R39Y212_43533.30691176_3_9_8_31_31.wav",0.0250794628748743,74,10.9981834761718,11.0232629390467
"R39Y212_43533.30691176_3_9_8_31_31.wav",0.0624492231079614,78,11.1631727816669,11.2256220047749
"R39Y212_43533.30691176_3_9_8_31_31.wav",0.0242177815102771,79,11.2356447195947,11.259862501105
"R39Y212_43533.30691176_3_9_8_31_31.wav",0.0391838262638178,80,11.4292055650738,11.4683893913376
"R39Y212_43533.30691176_3_9_8_31_31.wav",0.0177778471011774,81,11.4808610952989,11.4986389424001
"R39Y212_43533.30691176_3_9_8_31_31.wav",0.074920927069245,82,11.5381402302193,11.6130611572885
