"sound.files","selec","start","end","duration","SNR"
"Ag13_43421.27975590_11_17_7_46_15.wav",1,0.370748685670816,0.417642158574011,0.0468934729031955,18.7638332726911
"Ag13_43421.27975590_11_17_7_46_15.wav",2,1.0881417235037,1.17229147105871,0.084149747555009,15.9809286094964
"Ag13_43421.27975590_11_17_7_46_15.wav",6,3.22095573745721,3.28156804551825,0.0606123080610455,13.4045587618459
"Ag13_43421.27975590_11_17_7_46_15.wav",14,3.60898335269874,3.66311039323062,0.0541270405318799,21.4300185300434
"Ag13_43421.27975590_11_17_7_46_15.wav",17,5.10939307951626,5.16526615361369,0.0558730740974243,8.00942954268069
"Ag13_43421.27975590_11_17_7_46_15.wav",18,5.60005118719486,5.61816911990746,0.018117932712598,1.33539182857537
"Ag13_43421.27975590_11_17_7_46_15.wav",20,6.55719504176154,6.70617478884761,0.148979747086071,9.68454361939998
"Ag13_43421.27975590_11_17_7_46_15.wav",31,6.81145834527389,6.83005246895891,0.0185941236850198,-0.69286167888577
"Ag13_43421.27975590_11_17_7_46_15.wav",34,6.83311369663876,6.84962165034936,0.0165079537106028,3.20067719479027
"Ag13_43421.27975590_11_17_7_46_15.wav",35,6.8553812935396,6.91197999197595,0.0565986984363525,16.920440329302
"Ag13_43421.27975590_11_17_7_46_15.wav",38,8.32914700166213,8.38708356997338,0.0579365683112503,9.81830058469249
"Ag13_43421.27975590_11_17_7_46_15.wav",42,9.19409121366381,9.30028180051375,0.106190586849934,19.1317729194076
"Ag13_43421.27975590_11_17_7_46_15.wav",43,9.30318429786946,9.32322967023233,0.0200453723628744,8.74296462693213
"Ag13_43421.27975590_11_17_7_46_15.wav",47,9.32669906160283,9.34504375192134,0.0183446903185125,4.40223854998703
"Ag13_43421.27975590_11_17_7_46_15.wav",48,9.34815033112238,9.37762881989131,0.0294784887689321,4.36335716105846
"Ag13_43421.27975590_11_17_7_46_15.wav",54,9.82066783032779,9.9250443563304,0.104376526002616,18.5143491467815
"Ag13_43421.27975590_11_17_7_46_15.wav",58,10.0968812700927,10.1244323192114,0.0275510491186584,5.42475544301768
"Ag13_43421.27975590_11_17_7_46_15.wav",61,10.2506909541848,10.3013486033461,0.0506576491613817,11.5357386135945
"Ag13_43421.27975590_11_17_7_46_15.wav",73,10.7022106990824,10.8257028912637,0.12349219218124,12.3601072875998
"Ag13_43421.27975590_11_17_7_46_15.wav",88,11.9923934494563,12.0216451806193,0.0292517311630185,11.0869100275919
"Ag13_43421.27975590_11_17_7_46_15.wav",94,12.3086069309046,12.415659196657,0.107052265752412,17.7792808730644
"Ag13_43421.27975590_11_17_7_46_15.wav",95,13.7818510965335,13.8608534464342,0.0790023499007404,20.9554931847068
"Ag13_43421.27975590_11_17_7_46_15.wav",109,15.3188821767063,15.39838339334,0.0795012166337532,25.9655740975279
"Ag13_43421.27975590_11_17_7_46_15.wav",110,15.7150277142396,15.7932364125196,0.0782086982800401,25.1835698171908
"Ag13_43421.27975590_11_17_7_46_15.wav",111,15.931876012776,16.0092003563929,0.0773243436169704,24.0415598522143
"Ag13_43421.27975590_11_17_7_46_15.wav",112,16.1132820975079,16.1931461263111,0.0798640288032182,26.8511399347189
"Ag13_43421.27975590_11_17_7_46_15.wav",113,16.2720350974089,16.3519898292544,0.0799547318455858,26.5530094902292
"Ag13_43421.27975590_11_17_7_46_15.wav",114,16.3810374785721,16.552511580165,0.171474101592825,34.6427194615951
"Ag13_43421.27975590_11_17_7_46_15.wav",116,16.5923528915242,16.6995185360796,0.107165644555369,28.472501185737
"Ag13_43421.27975590_11_17_7_46_15.wav",117,16.7250060909844,16.8570923964298,0.132086305445412,29.3071129234528
"Ag13_43421.27975590_11_17_7_46_15.wav",118,16.8906751978658,17.0506073373176,0.159932139451758,26.1135856304086
"Ag13_43421.27975590_11_17_7_46_15.wav",119,17.1358228456204,17.3081813018763,0.172358456255896,28.5298106559566
"Ag13_43421.27975590_11_17_7_46_15.wav",120,17.3522856562267,17.4608345221782,0.108548865951448,25.7332303813587
"Ag13_43421.27975590_11_17_7_46_15.wav",121,17.484825476884,17.6185671128525,0.13374163596859,31.9909510422301
"Ag13_43421.27975590_11_17_7_46_15.wav",123,17.6540546781782,17.8152339844625,0.161179306284293,25.3819563814923
"Ag13_43421.27975590_11_17_7_46_15.wav",124,18.8500649948156,18.9262782261636,0.0762132313479889,21.3520189573059
"Ag13_43421.27975590_11_17_7_46_15.wav",125,18.9615390338834,19.1304507745294,0.168911740645989,38.0205971525656
"Ag13_43421.27975590_11_17_7_46_15.wav",126,19.1717206588059,19.2814033127869,0.109682653981025,26.5438670609528
"Ag13_43421.27975590_11_17_7_46_15.wav",127,19.3082740890878,19.4383876033618,0.130113514273955,30.7981747280551
"Ag13_43421.27975590_11_17_7_46_15.wav",128,19.4717209714312,19.6318798684889,0.160158897057677,35.0253972057112
"Ag13_43421.27975590_11_17_7_46_15.wav",129,19.7080930998369,19.8819254805313,0.173832380694339,35.4713388714752
"Ag13_43421.27975590_11_17_7_46_15.wav",130,19.9253042105428,20.0355991100598,0.110294899516994,27.551519006358
"Ag13_43421.27975590_11_17_7_46_15.wav",131,20.0591365495537,20.1873906514592,0.128254101905451,38.8081646897383
"Ag13_43421.27975590_11_17_7_46_15.wav",134,20.229363484314,20.3902706814712,0.160907197157194,26.3911057963338
"Ag13_43421.27975590_11_17_7_46_15.wav",135,21.2833101608458,21.3608839378292,0.0775737769834777,25.9086671531398
"Ag13_43421.27975590_11_17_7_46_15.wav",136,21.3989111883412,21.5662129499852,0.167301761643991,29.0608633164768
"Ag13_43421.27975590_11_17_7_46_15.wav",137,21.6073241039375,21.7148072091412,0.107483105203649,26.4693884350877
"Ag13_43421.27975590_11_17_7_46_15.wav",138,21.7412471459908,21.7594557817458,0.0182086357549629,5.80599759966408
"Blk109Brn_43559.32349131_4_4_8_59_9.wav",2,0.35093088340516,0.382336884536987,0.0314060011318265,0.255660567993081
"Blk109Brn_43559.32349131_4_4_8_59_9.wav",6,0.697009142808724,0.728936687641657,0.0319275448329327,12.9504799933822
"Blk109Brn_43559.32349131_4_4_8_59_9.wav",7,1.08612609546009,1.11995840859272,0.0338323131326246,7.35614742552584
"Blk109Brn_43559.32349131_4_4_8_59_9.wav",8,1.46002757752701,1.49224990793014,0.0322223304031231,14.9872136992551
"Blk109Brn_43559.32349131_4_4_8_59_9.wav",9,1.58814592149439,1.64077648367993,0.0526305621855374,16.6960426437138
"Blk109Brn_43559.32349131_4_4_8_59_9.wav",10,1.69147960175268,1.74485846577024,0.0533788640175594,14.0313662692405
"Blk109Brn_43559.32349131_4_4_8_59_9.wav",11,1.79753437958196,1.86134411762164,0.063809738039682,14.590983198456
"Blk109Brn_43559.32349131_4_4_8_59_9.wav",12,1.90445083830872,1.97898623594072,0.0745353976319953,24.1927930931253
"Blk109Brn_43559.32349131_4_4_8_59_9.wav",14,1.99615182645104,2.08091401578733,0.0847621893362942,22.904756908383
"Blk109Brn_43559.32349131_4_4_8_59_9.wav",15,2.09873720487731,2.28665166796716,0.187914463089853,36.5710580615012
"Blk109Brn_43559.32349131_4_4_8_59_9.wav",16,2.31742274633242,2.458466303762,0.141043557429575,19.7616207239642
"Blk109Brn_43559.32349131_4_4_8_59_9.wav",17,2.48780880590249,2.59096107965605,0.103152273753559,27.6276923315236
"Blk109Brn_43559.32349131_4_4_8_59_9.wav",18,2.61388632669163,2.6830929082471,0.0692065815554761,20.9881866469501
"Blk109Brn_43559.32349131_4_4_8_59_9.wav",20,2.68474824260279,2.79184610783428,0.107097865231492,23.2025680357567
"Blk109Brn_43559.32349131_4_4_8_59_9.wav",21,2.8106216810741,3.00148399986586,0.190862318791757,20.4927749208796
"Blk109Brn_43559.32349131_4_4_8_59_9.wav",22,3.03520293393303,3.17631451880187,0.141111584868849,21.0921493151561
"Blk109Brn_43559.32349131_4_4_8_59_9.wav",23,3.20506744980199,3.30719931196643,0.102131862164438,25.8073574624332
"Blk109Brn_43559.32349131_4_4_8_59_9.wav",24,3.32994315249727,3.39969395356695,0.0697508010696741,19.858726137428
"Blk109Brn_43559.32349131_4_4_8_59_9.wav",25,3.40207491394156,3.5082430708363,0.106168156894737,21.3525547929097
"Blk109Brn_43559.32349131_4_4_8_59_9.wav",26,3.52824313798306,3.719150808401,0.19090767041794,23.4896874454739
"Blk109Brn_43559.32349131_4_4_8_59_9.wav",27,3.75302847315981,3.89579539238435,0.142766919224534,24.5345537428719
"Blk109Brn_43559.32349131_4_4_8_59_9.wav",28,3.92461635082373,4.02724708087619,0.102630730052452,33.1440553199853
"Blk109Brn_43559.32349131_4_4_8_59_9.wav",29,4.05389116125878,4.23164686008361,0.177755698824829,14.586949539391
"Blk109Brn_43559.32349131_4_4_8_59_9.wav",32,4.25123876259473,4.4434162785458,0.192177515951068,30.2924857835168
"Blk109Brn_43559.32349131_4_4_8_59_9.wav",34,4.48030982644578,4.61981142858513,0.139501602139348,21.4582780006219
"Blk109Brn_43559.32349131_4_4_8_59_9.wav",35,4.65006096324929,4.75407491790033,0.104013954651038,23.6167085139421
"BRN7_43435.27985312_12_1_7_46_25.wav",11,3.75746497258165,3.7868074125621,0.0293424399804509,14.8390869081367
"BRN7_43435.27985312_12_1_7_46_25.wav",15,3.84329274331272,3.85993675486268,0.0166440115499618,11.2961180961526
"BRN7_43435.27985312_12_1_7_46_25.wav",16,3.86492542317466,3.88152408319451,0.0165986600198536,9.81681629699928
"BRN7_43435.27985312_12_1_7_46_25.wav",23,3.95311147347139,3.96880310288907,0.0156916294176757,3.17117825389461
"BRN7_43435.27985312_12_1_7_46_25.wav",31,6.40767233755478,6.53300129101069,0.125328953455914,27.8963295784344
"BRN7_43435.27985312_12_1_7_46_25.wav",47,6.89438495868337,6.94179998341221,0.047415024728843,4.66160877587321
"BRN7_43435.27985312_12_1_7_46_25.wav",50,6.94526937546554,7.10418113696709,0.158911761501546,4.51927313899921
"BRN7_43435.27985312_12_1_7_46_25.wav",51,7.10785461090591,7.16261658351239,0.0547619726064834,-0.388037246397402
"BRN7_43435.27985312_12_1_7_46_25.wav",54,7.23068923020583,7.2848616329209,0.054172402715067,8.87545541525206
"BRN7_43435.27985312_12_1_7_46_25.wav",57,7.29091606219044,7.35794562369137,0.0670295615009371,4.16065294123078
"BRN7_43435.27985312_12_1_7_46_25.wav",60,7.3659955202857,7.38898874605091,0.0229932257652061,-0.121939655507684
"BRN7_43435.27985312_12_1_7_46_25.wav",81,7.9256787533595,7.97239082937165,0.0467120760121551,18.2076784327981
"BRN7_43435.27985312_12_1_7_46_25.wav",83,8.21624600676715,8.25728914151569,0.0410431347485449,20.0400785266238
"BRN7_43435.27985312_12_1_7_46_25.wav",86,8.38914871530729,8.41300362014456,0.0238549048372754,2.32606513886227
"BRN7_43435.27985312_12_1_7_46_25.wav",87,8.42064535296791,8.51606497231701,0.0954196193491015,9.07672093558327
"BRN7_43435.27985312_12_1_7_46_25.wav",96,8.56300380597971,8.59762969921785,0.0346258932381378,7.42127978202852
"BRN7_43435.27985312_12_1_7_46_25.wav",98,8.60014670913889,8.62030546427229,0.0201587551334015,-0.156969212560227
"BRN7_43435.27985312_12_1_7_46_25.wav",99,8.620600249218,8.76896777996923,0.14836753075123,8.51180310006651
"BRN7_43435.27985312_12_1_7_46_25.wav",101,8.77352560874517,8.80690433490531,0.0333787261601408,4.61853201936268
"BRN7_43435.27985312_12_1_7_46_25.wav",107,10.2794231660108,10.3068154901966,0.0273923241857688,17.0424833487539
"BRN7_43435.27985312_12_1_7_46_25.wav",108,10.628924732795,10.6635279502681,0.0346032174730837,21.0451873875325
"BRN7_43435.27985312_12_1_7_46_25.wav",109,10.8284941410391,10.8641177679397,0.0356236269005326,21.4359460991185
"BRN7_43435.27985312_12_1_7_46_25.wav",110,11.0086530943967,11.0440499636467,0.035396869249988,18.2333809689218
"BRN7_43435.27985312_12_1_7_46_25.wav",111,11.1575875192743,11.1943676101926,0.0367800909183096,11.8404480814308
"BRN7_43435.27985312_12_1_7_46_25.wav",112,11.334889326235,11.3730979903517,0.0382086641167394,20.3921161516768
"BRN7_43435.27985312_12_1_7_46_25.wav",113,11.4151161829976,11.4516468405003,0.0365306575027109,21.6893659772094
"BRN7_43435.27985312_12_1_7_46_25.wav",114,11.4989031348738,11.5289258478059,0.0300227129320838,10.4937223922314
"BRN7_43435.27985312_12_1_7_46_25.wav",115,11.5381775599481,11.6112615507186,0.0730839907704741,29.2489586398989
"BRN7_43435.27985312_12_1_7_46_25.wav",116,11.6652525473132,11.7408535480047,0.0756010006915169,33.3150307699442
"BRN7_43435.27985312_12_1_7_46_25.wav",117,11.7761823899595,11.8772482748072,0.101065884847658,28.2895642912133
"BRN7_43435.27985312_12_1_7_46_25.wav",118,11.9107630555577,12.1172258963784,0.206462840820716,32.3304683180078
"BRN7_43435.27985312_12_1_7_46_25.wav",120,12.1352531295967,12.1718064628644,0.0365533332677632,24.8255110722
"BRN7_43435.27985312_12_1_7_46_25.wav",121,12.1794935472179,12.331579903438,0.152086356220158,24.6509772800518
"BRN7_43435.27985312_12_1_7_46_25.wav",122,12.3808770166664,12.4143464458868,0.0334694292203608,14.8704549916342
"BRN7_43435.27985312_12_1_7_46_25.wav",123,12.4184280835966,12.4957524424322,0.0773243588356554,35.8929769185377
"BRN7_43435.27985312_12_1_7_46_25.wav",124,12.53441462185,12.6413308540817,0.106916232231704,31.3345745229288
"BRN7_43435.27985312_12_1_7_46_25.wav",125,12.6729862220977,12.8806735542314,0.207687332133656,38.9370991433967
"BRN7_43435.27985312_12_1_7_46_25.wav",130,12.8987914905099,12.9330318957421,0.0342404052322109,24.8470741898384
"BRN7_43435.27985312_12_1_7_46_25.wav",131,12.9420341744687,13.0952769947067,0.153242820237935,27.6419604763706
"BRN7_43435.27985312_12_1_7_46_25.wav",132,13.6929194584816,13.7315136106043,0.0385941521226645,17.6010365178345
"BRN7_43435.27985312_12_1_7_46_25.wav",133,13.7775907651949,13.811354979361,0.0337642141660677,12.459582866907
"BRN7_43435.27985312_12_1_7_46_25.wav",134,13.8216724524607,13.8948924978215,0.0732200453608005,37.4541374748739
"BRN7_43435.27985312_12_1_7_46_25.wav",135,13.941717952659,14.0189289326693,0.0772109800103831,31.3121569578774
"BRN7_43435.27985312_12_1_7_46_25.wav",136,14.0528065256607,14.1575685602122,0.104762034551534,35.5449910067777
"BRN7_43435.27985312_12_1_7_46_25.wav",137,14.1892466039933,14.397364775663,0.208118171669691,35.9584992418983
"BRN7_43435.27985312_12_1_7_46_25.wav",139,14.4141675175683,14.4464578070058,0.0322902894375279,22.291752546388
"BRN7_43435.27985312_12_1_7_46_25.wav",140,14.4572514711718,14.6118321615479,0.154580690376147,24.2993393076519
"BRN7_43435.27985312_12_1_7_46_25.wav",141,14.658521561795,14.6908345269976,0.032312965202582,16.9392851522789
"BRN7_43435.27985312_12_1_7_46_25.wav",142,14.695573761894,14.7732836087355,0.0777098468415822,33.5481567793953
"BRN7_43435.27985312_12_1_7_46_25.wav",143,14.8120138154485,14.9166851469399,0.104671331491314,32.6879920490022
"BRN7_43435.27985312_12_1_7_46_25.wav",144,14.9506307672264,15.1576831779385,0.20705241071213,37.1251124893995
"BRN7_43435.27985312_12_1_7_46_25.wav",146,15.1767988478794,15.2128986658461,0.0360998179666758,25.762168225559
"BRN7_43435.27985312_12_1_7_46_25.wav",147,15.2207218047898,15.3758920650574,0.155170260267564,27.6074332710431
"BRN7_43435.27985312_12_1_7_46_25.wav",148,15.5355521268057,15.5863004889976,0.0507483621918468,27.6211607997192
"BRN7_43435.27985312_12_1_7_46_25.wav",149,15.6350307080996,15.712672527646,0.0776418195464181,36.8189685769724
"BRN7_43435.27985312_12_1_7_46_25.wav",150,15.7499514853955,15.8552123867783,0.10526090138273,29.9058691749574
"BRN7_43435.27985312_12_1_7_46_25.wav",154,15.8868450790292,16.0957569024758,0.208911823446595,35.9071842937913
"BRN7_43435.27985312_12_1_7_46_25.wav",157,16.1136027295736,16.1504735235522,0.0368707939785295,24.3856603958731
"BRN7_43435.27985312_12_1_7_46_25.wav",158,16.1582059594357,16.3115621584989,0.153356199063207,28.1551783409585
"db1_43427.28100313_11_23_7_48_20.wav",1,0.370862187654639,0.434195608022686,0.063333420368047,12.3033864936232
"db1_43427.28100313_11_23_7_48_20.wav",2,0.515284154831184,0.581021206620289,0.0657370517891042,4.67170142295178
"db1_43427.28100313_11_23_7_48_20.wav",3,0.666531528212807,0.733379692639947,0.0668481644271401,7.41611495947267
"db1_43427.28100313_11_23_7_48_20.wav",4,0.814468239448446,0.945760936881669,0.131292697433223,17.9408725415011
"db1_43427.28100313_11_23_7_48_20.wav",5,0.959366397755578,1.24029648903368,0.2809300912781,31.2948736105334
"db1_43427.28100313_11_23_7_48_20.wav",6,1.31576144534763,1.45834667530619,0.142585229958567,18.2358997384685
"db1_43427.28100313_11_23_7_48_20.wav",7,1.47285916690503,1.74589809087626,0.273038923971233,27.3834713504967
"db1_43427.28100313_11_23_7_48_20.wav",8,1.9958530828981,2.12775802607065,0.131904943172549,14.2624388814142
"db1_43427.28100313_11_23_7_48_20.wav",9,2.14009364392966,2.42533213115116,0.285238487221505,28.6455653808487
"db1_43427.28100313_11_23_7_48_20.wav",10,2.50125060282757,2.64490159388793,0.143650991060357,21.3263437643552
"db1_43427.28100313_11_23_7_48_20.wav",13,2.67537782624549,2.93426707090785,0.258889244662367,30.6241456086793
"db1_43427.28100313_11_23_7_48_20.wav",14,3.18478895713277,3.3171700914359,0.132381134303136,17.146147972498
"db1_43427.28100313_11_23_7_48_20.wav",15,3.33009527926612,3.61580995761821,0.285714678352091,28.6707364661292
"db1_43427.28100313_11_23_7_48_20.wav",16,3.91576501835166,3.98642271182349,0.0706576934718344,5.32203240042464
"db1_43427.28100313_11_23_7_48_20.wav",18,3.98898507362141,4.047080391553,0.0580953179315915,16.8040032594548
"db1_43427.28100313_11_23_7_48_20.wav",19,4.06091261010814,4.3461964488659,0.285283838757751,29.5030564589353
"db1_43427.28100313_11_23_7_48_20.wav",20,4.4300287636173,4.57431467618511,0.144285912567806,20.4476653907609
"db1_43427.28100313_11_23_7_48_20.wav",22,4.603747823209,4.87095907477257,0.267211251563575,27.6812370056467
"db1_43427.28100313_11_23_7_48_20.wav",23,5.50354497810497,5.57315958624314,0.0696146081381688,6.19421106839275
"db1_43427.28100313_11_23_7_48_20.wav",25,5.64851116371648,5.78374944480313,0.135238281086656,16.8403379816989
"db1_43427.28100313_11_23_7_48_20.wav",26,5.79712814799581,6.08213987753608,0.285011729540273,28.3005767243493
"db1_43427.28100313_11_23_7_48_20.wav",27,6.1586479191837,6.30257101946153,0.143923100277836,22.944842580274
"db1_43427.28100313_11_23_7_48_20.wav",28,6.31762772949533,6.59583672859864,0.278208999103319,25.8057332174169
"db1_43427.28100313_11_23_7_48_20.wav",29,7.11638166163441,7.25404624991024,0.137664588275837,15.7875869588711
"db1_43427.28100313_11_23_7_48_20.wav",30,7.26790114423351,7.55334371336812,0.285442569134614,30.0392158057334
"db1_43427.28100313_11_23_7_48_20.wav",31,8.05130358135319,8.18960309113648,0.138299509783286,17.5181972358529
"db1_43427.28100313_11_23_7_48_20.wav",32,8.20239222435795,8.49139488908791,0.289002664729953,29.7381047430313
"db1_43427.28100313_11_23_7_48_20.wav",33,8.57681450760793,8.7218487205238,0.145034212915871,21.9737207418068
"db1_43427.28100313_11_23_7_48_20.wav",36,8.75345874128752,9.01536386311027,0.26190512182275,29.3934323493994
"db1_43427.28100313_11_23_7_48_20.wav",44,11.477067926331,11.4979296330043,0.0208617066733279,9.14852024686774
"db1_43427.28100313_11_23_7_48_20.wav",48,12.2453683018807,12.2611733122625,0.0158050103818592,8.83098791259981
"db1_43427.28100313_11_23_7_48_20.wav",49,12.273781039339,12.2938944456643,0.0201134063252617,2.14507718877197
"db1_43427.28100313_11_23_7_48_20.wav",64,13.1117640503312,13.1298366375254,0.018072587194176,6.78854184088135
"DB118_43568.33139566_4_13_9_12_19.wav",1,0.348595046334955,0.411973902414198,0.0633788560792428,19.4357328531712
"DB118_43568.33139566_4_13_9_12_19.wav",2,0.466940037346607,0.534264482319513,0.0673244449729058,14.9609032485703
"DB118_43568.33139566_4_13_9_12_19.wav",3,0.940047891814343,1.00496870217387,0.0649208103595248,21.3351869602131
"DB118_43568.33139566_4_13_9_12_19.wav",4,1.04412980573339,1.10959483525066,0.0654650295172716,18.3412931930562
"DB118_43568.33139566_4_13_9_12_19.wav",5,1.16462899757779,1.23540016388309,0.0707711663053012,18.2647244122612
"DB118_43568.33139566_4_13_9_12_19.wav",6,3.20073427309384,3.26300201505935,0.0622677419655102,18.0766969227652
"DB118_43568.33139566_4_13_9_12_19.wav",7,3.80742525499013,3.87629165424332,0.0688663992531877,14.3797214733297
"DB118_43568.33139566_4_13_9_12_19.wav",8,3.9210083283715,3.98851417973032,0.0675058513588214,18.8320537150939
"DB118_43568.33139566_4_13_9_12_19.wav",9,4.04518099953069,4.12363926143916,0.0784582619084722,17.845583992157
"DB118_43568.33139566_4_13_9_12_19.wav",10,4.99672552105243,5.0632789888852,0.0665534678327653,16.314826773168
"DB118_43568.33139566_4_13_9_12_19.wav",11,5.10509316083873,5.1752747563898,0.0701815955510758,18.4176331612096
"DB118_43568.33139566_4_13_9_12_19.wav",12,5.21801863607115,5.28579659700885,0.0677779609376943,22.626145216357
"DB118_43568.33139566_4_13_9_12_19.wav",13,5.3179055273159,5.4155248387367,0.0976193114208019,22.6617648566877
"DB118_43568.33139566_4_13_9_12_19.wav",14,5.44373353174657,5.5501057012878,0.106372169541227,28.3431060255472
"DB118_43568.33139566_4_13_9_12_19.wav",15,5.57355247666738,5.73720371256144,0.16365123589406,33.4485629613101
"DB118_43568.33139566_4_13_9_12_19.wav",16,5.77738522704173,5.88142178936429,0.104036562322563,22.1843684363908
"DB118_43568.33139566_4_13_9_12_19.wav",19,5.904596455165,6.06842909744498,0.163832642279975,24.1912336796149
"DB118_43568.33139566_4_13_9_12_19.wav",20,6.09997113279605,6.23652478979397,0.136553656997925,33.7255350225955
"DB118_43568.33139566_4_13_9_12_19.wav",21,6.25874707206862,6.39609438200493,0.137347309936306,31.3290403687229
"DB15HP_43450.29217192_12_16_8_6_57.wav",1,0.363515547184989,0.37888973101578,0.0153741838307917,0.27421335768148
"DB15HP_43450.29217192_12_16_8_6_57.wav",2,0.417597300041092,0.437869453941871,0.0202721539007785,-2.94931971594454
"DB15HP_43450.29217192_12_16_8_6_57.wav",7,0.87029671891709,0.924469174922638,0.0541724560055479,2.13620822502905
"DB15HP_43450.29217192_12_16_8_6_57.wav",14,2.4215473322865,2.51735253388694,0.0958052016004354,3.82591532796852
"DB15HP_43450.29217192_12_16_8_6_57.wav",15,2.79286335032369,2.89136697062009,0.0985036202964,16.3307838581071
"DB15HP_43450.29217192_12_16_8_6_57.wav",17,3.10313614878494,3.20023387026495,0.0970977214800151,10.9344186431381
"DB15HP_43450.29217192_12_16_8_6_57.wav",18,3.3005742293376,3.47676509713295,0.176190867795357,9.70422470726058
"DB15HP_43450.29217192_12_16_8_6_57.wav",19,3.53948632497362,3.63656137066627,0.0970750456926543,1.89874323652051
"DB15HP_43450.29217192_12_16_8_6_57.wav",20,3.67594921331241,3.80155039950527,0.125601186192855,17.3856919647849
"DB15HP_43450.29217192_12_16_8_6_57.wav",21,3.84896547087722,3.99851228852335,0.149546817646123,9.76176435495216
"DB15HP_43450.29217192_12_16_8_6_57.wav",22,4.64787881118173,4.74515793896063,0.0972791277789034,18.8971021587744
"DB15HP_43450.29217192_12_16_8_6_57.wav",23,4.8482193925166,5.02781162841612,0.179592235899514,7.28059233598543
"DB15HP_43450.29217192_12_16_8_6_57.wav",24,5.08164394761125,5.18264190451737,0.100997956906116,16.5354805909358
"DB15HP_43450.29217192_12_16_8_6_57.wav",25,5.22175763771518,5.35076019201219,0.129002554297013,10.6744506166145
"DB15HP_43450.29217192_12_16_8_6_57.wav",26,5.40212085038497,5.54815292099013,0.146032070605161,6.70981146265931
"DB15HP_43450.29217192_12_16_8_6_57.wav",27,6.52981043163733,6.6237335428868,0.0939231112494676,6.04271629050897
"DB15HP_43450.29217192_12_16_8_6_57.wav",28,6.73897189425566,6.91099041717658,0.172018522920923,12.6554754234337
"DB15HP_43450.29217192_12_16_8_6_57.wav",30,6.96897240545878,7.06586604485255,0.0968936393937661,21.2540246871971
"DB15HP_43450.29217192_12_16_8_6_57.wav",32,7.10393869183175,7.22947185066252,0.125533158830772,12.3496485966479
"DB15HP_43450.29217192_12_16_8_6_57.wav",33,7.27736311356906,7.42752217747393,0.150159063904872,6.10467623164882
"DB15HP_43450.29217192_12_16_8_6_57.wav",34,7.51255638007787,7.68990371302864,0.17734733295077,9.86165970774352
"DB15HP_43450.29217192_12_16_8_6_57.wav",36,7.75078820209306,7.84754578676266,0.0967575846696,9.70530751381242
"DB15HP_43450.29217192_12_16_8_6_57.wav",37,7.88924655971963,8.01618561736678,0.126939057647157,17.432008447285
"DB15HP_43450.29217192_12_16_8_6_57.wav",38,8.0674102210154,8.21482551464958,0.147415293634184,22.27888035368
"DB7_43357.58119484_9_14_16_8_39.wav",1,0.379978536424049,0.452541126180984,0.0725625897569349,3.05750131642189
"DB7_43357.58119484_9_14_16_8_39.wav",2,1.61202328306891,1.78127552367696,0.169252240608051,36.6901270593929
"DB7_43357.58119484_9_14_16_8_39.wav",3,2.20789819982914,2.32805731330476,0.120159113475624,17.3135393855351
"DB7_43357.58119484_9_14_16_8_39.wav",4,2.38463345750587,2.50730958581369,0.122676128307818,19.4332466179407
"DB7_43357.58119484_9_14_16_8_39.wav",5,2.53887431235796,2.6113008472591,0.0724265349011404,24.4704814424668
"DB7_43357.58119484_9_14_16_8_39.wav",6,2.64062066868276,2.80096131623629,0.160340647553527,27.2326089555395
"DB7_43357.58119484_9_14_16_8_39.wav",7,2.84445351847185,3.06214128774265,0.217687769270805,38.7906524150782
"DB7_43357.58119484_9_14_16_8_39.wav",8,3.10783304348022,3.16794661393198,0.0601135704517608,15.8572832541009
"DB7_43357.58119484_9_14_16_8_39.wav",9,3.20397847490816,3.27688120180458,0.0729027268964204,18.0057702099771
"DB7_43357.58119484_9_14_16_8_39.wav",10,3.30586088608876,3.46910403723256,0.163243151143804,21.7261299366697
"DB7_43357.58119484_9_14_16_8_39.wav",11,3.51638309962107,3.73776702580761,0.221383926186549,37.2244805605464
"DB7_43357.58119484_9_14_16_8_39.wav",12,3.78189415070355,3.84175828725302,0.0598641365494714,17.0885306174584
"DB7_43357.58119484_9_14_16_8_39.wav",14,3.88169038742864,3.95486522403664,0.0731748366080089,17.4685939078571
"DB7_43357.58119484_9_14_16_8_39.wav",15,3.98361815022783,4.1499678872456,0.166349737017773,23.227905718093
"DB7_43357.58119484_9_14_16_8_39.wav",16,4.19470725899261,4.41638597070005,0.221678711707436,35.7702363376917
"DB7_43357.58119484_9_14_16_8_39.wav",17,4.46221378129341,4.52477633914947,0.062562557856058,17.2361104830139
"DB7_43357.58119484_9_14_16_8_39.wav",18,4.56130706793023,4.63711229841693,0.0758052304866981,26.4474700483234
"DB7_43357.58119484_9_14_16_8_39.wav",19,4.66591057622671,4.83148933572832,0.165578759501606,26.2116419286009
"DB7_43357.58119484_9_14_16_8_39.wav",20,4.87960740306088,5.10026570334986,0.22065830028898,44.9701150511961
"DG124DB_43559.30160960_4_4_8_22_40.wav",12,0.366349682652567,0.388390527635131,0.0220408449825635,3.06454683625364
"DG124DB_43559.30160960_4_4_8_22_40.wav",18,1.87562602132998,1.89768954207898,0.0220635207490065,-1.94714083265406
"DG124DB_43559.30160960_4_4_8_22_40.wav",19,2.31213452535708,2.33115949340273,0.0190249680456489,3.51208388037359
"DG124DB_43559.30160960_4_4_8_22_40.wav",28,4.66007408592761,4.68363420726185,0.023560121334242,-5.20708283289903
"DG124DB_43559.30160960_4_4_8_22_40.wav",31,7.62522533330924,7.64554282004214,0.0203174867328979,-1.19391627231405
"DG124DB_43559.30160960_4_4_8_22_40.wav",34,8.28604251899017,8.35654147686135,0.0704989578711821,2.71224437735776
"DG124DB_43559.30160960_4_4_8_22_40.wav",35,8.36166620007747,8.38697235542782,0.02530615535035,-0.464657665003104
"DG124DB_43559.30160960_4_4_8_22_40.wav",36,8.39837826594863,8.42629213443992,0.0279138684912912,-0.669540812623249
"DG124DB_43559.30160960_4_4_8_22_40.wav",37,8.43613341707617,8.45724455563457,0.0211111385584015,5.38879795641853
"DG124DB_43559.30160960_4_4_8_22_40.wav",38,8.46125816629497,8.49209720865741,0.0308390423624356,0.368159141056561
"DG124DB_43559.30160960_4_4_8_22_40.wav",44,8.51243737115675,8.529036032193,0.0165986610362516,2.04486748595465
"DG124DB_43559.30160960_4_4_8_22_40.wav",45,8.53050995701179,8.56270954536081,0.0321995883490125,-2.96812110704687
"DG124DB_43559.30160960_4_4_8_22_40.wav",46,8.56431952477826,8.59894542013667,0.0346258953584098,-2.40429750877644
"DG124DB_43559.30160960_4_4_8_22_40.wav",47,8.60096356335009,8.64046474849374,0.0395011851436475,-0.468718836995133
"DG124DB_43559.30160960_4_4_8_22_40.wav",48,8.86488680897978,8.92241522844558,0.0575284194658057,-5.40776438813378
"DG124DB_43559.30160960_4_4_8_22_40.wav",50,9.10672385809402,9.1593316362417,0.0526077781476832,14.1068350023781
"DG124DB_43559.30160960_4_4_8_22_40.wav",51,9.39720042622842,9.4560893916808,0.0588889654523843,18.7850133808658
"DG124DB_43559.30160960_4_4_8_22_40.wav",52,9.57679249645671,9.64094223972386,0.0641497432671532,-1.31389678687559
"DG124DB_43559.30160960_4_4_8_22_40.wav",53,9.79890162876557,9.86468402721662,0.0657823984510451,14.3485256092096
"DG124DB_43559.30160960_4_4_8_22_40.wav",54,10.1111696084517,10.175840894347,0.0646712858953418,1.63071066429679
"DG124DB_43559.30160960_4_4_8_22_40.wav",56,10.2731879596867,10.3370882695229,0.0639003098362796,3.65788041085309
"DG124DB_43559.30160960_4_4_8_22_40.wav",57,10.516771042817,10.5874287310533,0.0706576882362846,4.92682436367827
"DG124DB_43559.30160960_4_4_8_22_40.wav",58,10.6647757703902,10.7542996963071,0.089523925916831,23.1737577902119
"DG124DB_43559.30160960_4_4_8_22_40.wav",59,10.8677012042884,10.9507852125354,0.0830840082470292,24.6039951308456
"DG124DB_43559.30160960_4_4_8_22_40.wav",60,11.0301957466187,11.1153659253784,0.0851701787597818,23.6912896211859
"DG124DB_43559.30160960_4_4_8_22_40.wav",61,11.1809442419315,11.3612392609195,0.180295018988026,19.6317872452406
"DG124DB_43559.30160960_4_4_8_22_40.wav",62,11.7153213539264,11.7893577313627,0.0740363774362844,4.85093393442374
"DG124DB_43559.30160960_4_4_8_22_40.wav",63,11.8719655485145,11.9540064715051,0.0820409229906538,19.3146041762366
"DG124DB_43559.30160960_4_4_8_22_40.wav",64,12.0493807451642,12.1363649852394,0.0869842400752212,11.7529955070247
"DG124DB_43559.30160960_4_4_8_22_40.wav",65,12.2014671106972,12.3837349213658,0.182267810668565,11.682888910911
"DG124DB_43559.30160960_4_4_8_22_40.wav",66,12.4594946570517,12.5609233603511,0.101428703299389,10.1067038678841
"DG124DB_43559.30160960_4_4_8_22_40.wav",67,12.5874993586223,12.7881118643432,0.200612505720926,23.9882359645971
"DG124DB_43559.30160960_4_4_8_22_40.wav",68,13.0543480381501,13.0911734828534,0.0368254447033767,6.52432706481765
"DG124DB_43559.30160960_4_4_8_22_40.wav",70,13.4599721482818,13.5360946962309,0.0761225479490388,19.4637991444959
"DG124DB_43559.30160960_4_4_8_22_40.wav",71,13.6222626087142,13.7984306382096,0.176168029495408,29.7220644738865
"DG124DB_43559.30160960_4_4_8_22_40.wav",76,14.5997468727711,14.6255745707497,0.0258276979785386,11.9978589775157
"Gold183_43555.5549813_3_31_1_32_29.wav",1,0.346851060185189,0.491772943399333,0.144921883214144,18.9093810665835
"Gold183_43555.5549813_3_31_1_32_29.wav",3,0.513292403134934,0.648032792754468,0.134740389619534,30.7656514443138
"Gry35HP_43455.29800260_12_21_8_16_40.wav",1,0.353969164532659,0.422087253594549,0.0681180890618903,4.49084778429084
"Gry35HP_43455.29800260_12_21_8_16_40.wav",2,0.569865411522758,0.677960927687216,0.108095516164458,11.1603255579355
"Gry35HP_43455.29800260_12_21_8_16_40.wav",3,0.731543831965926,0.84081848948565,0.109274657519723,21.121437612747
"Gry35HP_43455.29800260_12_21_8_16_40.wav",4,1.9500957194519,2.05583295290582,0.105737233453926,12.8621637183483
"Gry35HP_43455.29800260_12_21_8_16_40.wav",6,2.18612807266269,2.29345261178717,0.107324539124476,10.7205321057433
"Gry35HP_43455.29800260_12_21_8_16_40.wav",7,2.7371045467059,2.84798918569147,0.110884638985567,15.94310465815
"Gry35HP_43455.29800260_12_21_8_16_40.wav",8,2.89769452897498,3.00987168829228,0.112177159317301,16.8995794026339
"Gry35HP_43455.29800260_12_21_8_16_40.wav",9,3.07975848938707,3.26016711674273,0.180408627355658,28.0262887545695
"Gry35HP_43455.29800260_12_21_8_16_40.wav",10,3.29404475491132,3.41225367577671,0.118208920865391,13.6353786923021
"Gry35HP_43455.29800260_12_21_8_16_40.wav",11,3.45053041823226,3.53449888820436,0.0839684699720973,14.5517376008708
"Gry35HP_43455.29800260_12_21_8_16_40.wav",12,3.55733341406499,3.60402287657445,0.0466894625094647,16.4754972915814
"Gry35HP_43455.29800260_12_21_8_16_40.wav",13,3.63513406771723,3.81837716948459,0.183243101767355,24.9221216624845
"Gry35HP_43455.29800260_12_21_8_16_40.wav",14,3.85023666187206,3.96928458716331,0.119047925291253,15.466187338363
"Gry35HP_43455.29800260_12_21_8_16_40.wav",15,4.00787879075297,4.09259556196976,0.0847167712167849,14.1476023774657
"Gry35HP_43455.29800260_12_21_8_16_40.wav",16,4.11481784135746,4.16218757772573,0.0473697363682719,13.6122950473765
"Gry35HP_43455.29800260_12_21_8_16_40.wav",17,4.19184751796972,4.37613370632058,0.18428618835086,23.6598774104819
"Gry35HP_43455.29800260_12_21_8_16_40.wav",18,4.41089570050563,4.52715450297577,0.116258802470143,15.1136736127374
"Gry35HP_43455.29800260_12_21_8_16_40.wav",19,4.57112287005001,4.65441106616329,0.0832881961132896,17.4079962686802
"Gry35HP_43455.29800260_12_21_8_16_40.wav",20,4.67683742770864,4.7228466163593,0.0460091886506575,12.2067560740065
"Gry35HP_43455.29800260_12_21_8_16_40.wav",21,4.75411653806913,4.93940046141291,0.185283923343777,19.0853581019401
"Gry35HP_43455.29800260_12_21_8_16_40.wav",22,4.9732780995815,5.09175912999042,0.118481030408914,21.2296267933474
"Gry35HP_43455.29800260_12_21_8_16_40.wav",23,5.14321050951153,5.2213059485026,0.0780954389910624,20.1101665688316
"Gry35HP_43455.29800260_12_21_8_16_40.wav",24,5.3183130007685,5.37497981320713,0.0566668124386362,20.7545926409332
"Gry35HP_43455.29800260_12_21_8_16_40.wav",25,6.33684169796987,6.55602593527754,0.219184237307667,34.4322725827031
"Gry35HP_43455.29800260_12_21_8_16_40.wav",27,6.58550446915918,6.69428025918245,0.108775790023265,34.098398221396
"Gry35HP_43455.29800260_12_21_8_16_40.wav",28,6.71500593608077,6.82396313246638,0.108957196385614,28.5912470935888
"GRY37HP_43442.27431670_12_8_7_37_11.wav",19,0.830364044165831,0.952064905058756,0.121700860892925,0.12134267067958
"GRY37HP_43442.27431670_12_8_7_37_11.wav",32,2.13224806250857,2.1547877785003,0.0225397159917216,3.37773974176035
"GRY37HP_43442.27431670_12_8_7_37_11.wav",35,2.17723679140955,2.20367673994713,0.0264399485375724,6.22278867708405
"GRY37HP_43442.27431670_12_8_7_37_11.wav",42,5.92583645915543,6.1241133974166,0.198276938261176,13.065105603477
"GRY37HP_43442.27431670_12_8_7_37_11.wav",43,6.15477103928864,6.23377342411274,0.0790023848241006,17.3524013190252
"GRY37HP_43442.27431670_12_8_7_37_11.wav",44,6.24148318612198,6.35996408758752,0.118480901465536,28.0750760268664
"GRY37HP_43442.27431670_12_8_7_37_11.wav",45,6.38211831547878,6.46180097342134,0.0796826579425636,20.8834160805868
"GRY37HP_43442.27431670_12_8_7_37_11.wav",47,6.46844497421166,6.58513448979858,0.116689515586919,26.7260206078586
"GRY37HP_43442.27431670_12_8_7_37_11.wav",51,6.61069008328215,6.6894657104001,0.0787756271179463,20.9194159759496
"GRY37HP_43442.27431670_12_8_7_37_11.wav",52,6.69692603893257,6.81316203910718,0.11623600017461,16.5023379688925
"GRY37HP_43442.27431670_12_8_7_37_11.wav",53,6.83930720262675,6.92053181297116,0.0812246103444112,16.9581576007043
"GRY37HP_43442.27431670_12_8_7_37_11.wav",57,6.92801481727425,7.04640501565732,0.118390198383074,21.7912476696069
"GRY37HP_43442.27431670_12_8_7_37_11.wav",58,7.07735744254736,7.15740291281977,0.0800454702724096,26.7481630401443
"GRY37HP_43442.27431670_12_8_7_37_11.wav",59,7.16601970565363,7.28509017715517,0.119070471501537,18.3766826593566
"GRY37HP_43442.27431670_12_8_7_37_11.wav",60,7.31543035823859,7.39647356241808,0.0810432041794877,17.9211722009436
"GRY37HP_43442.27431670_12_8_7_37_11.wav",63,7.4044554336747,7.52436490868901,0.119909475014307,16.9988289172938
"GRY37HP_43442.27431670_12_8_7_37_11.wav",64,7.55738083070505,7.63810657409593,0.0807257433908726,25.1578549481883
"GRY37HP_43442.27431670_12_8_7_37_11.wav",65,7.64856010434963,7.76808409126348,0.119523986913846,21.1448511619575
"GRY37HP_43442.27431670_12_8_7_37_11.wav",66,7.80103198596767,7.88504571609778,0.0840137301301072,21.2479512457034
"GRY37HP_43442.27431670_12_8_7_37_11.wav",68,7.89318631774871,8.01121370380194,0.118027386053228,27.3147660847112
"GRY37HP_43442.27431670_12_8_7_37_11.wav",69,8.04751761255722,8.12710956741732,0.079591954860101,17.9973726809066
"GRY37HP_43442.27431670_12_8_7_37_11.wav",70,8.13933180777903,8.26005761053549,0.120725802756462,4.90632432881354
"GRY37HP_43442.27431670_12_8_7_37_11.wav",71,8.32044318768434,8.40234807114721,0.0819048834628742,1.35243989446009
"GRY37HP_43442.27431670_12_8_7_37_11.wav",72,8.41112359437538,8.53257502179153,0.121451427416154,7.67188539863728
"GRY37HP_43442.27431670_12_8_7_37_11.wav",73,8.56876555169373,8.65141873558691,0.0826531838931839,10.039325811678
"GRY37HP_43442.27431670_12_8_7_37_11.wav",74,8.66048904383308,8.78062527655354,0.12013623272046,23.6813204818303
"GRY37HP_43442.27431670_12_8_7_37_11.wav",75,8.82046660552482,8.90429892949001,0.0838323239651846,25.4789922171308
"GRY37HP_43442.27431670_12_8_7_37_11.wav",76,8.91509259630294,9.0347753136111,0.119682717308153,25.4109294709645
"GRY37HP_43442.27431670_12_8_7_37_11.wav",77,9.07563705226007,9.15829023615325,0.0826531838931839,26.7459371424711
"GRY37HP_43442.27431670_12_8_7_37_11.wav",78,9.16974150031404,9.29019519382311,0.120453693509077,19.106068419564
"GRY37HP_43442.27431670_12_8_7_37_11.wav",79,9.3278369730447,9.41071691464404,0.0828799415993355,8.48278155315304
"GRY37HP_43442.27431670_12_8_7_37_11.wav",80,9.42330196733559,9.54282595424944,0.119523986913844,11.3552121109116
"GRY37HP_43442.27431670_12_8_7_37_11.wav",81,9.58702103117888,9.6704678670436,0.0834468358647218,11.3961313261761
"GRY37HP_43442.27431670_12_8_7_37_11.wav",82,9.68255405278162,9.80341591016177,0.120861857380154,22.2168944146979
"GRY37HP_43442.27431670_12_8_7_37_11.wav",83,9.83967446737582,9.92341608825854,0.0837416208827211,18.3953933658185
"GRY37HP_43442.27431670_12_8_7_37_11.wav",84,9.9349807312724,10.0560013190469,0.121020587774462,28.116700426887
"GRY37HP_43442.27431670_12_8_7_37_11.wav",85,10.090309759988,10.1747089782186,0.0843992182305691,16.0398243892197
"GRY37HP_43442.27431670_12_8_7_37_11.wav",86,10.1874300855338,10.3079291305841,0.120499045050307,24.1945686908344
"GRY37HP_43442.27431670_12_8_7_37_11.wav",87,10.3477477837848,10.4308544830903,0.0831066993054907,26.7871069117149
"GRY37HP_43442.27431670_12_8_7_37_11.wav",88,10.4450268397249,10.5628728196132,0.117845979888305,23.544256731731
"GRY37HP_43442.27431670_12_8_7_37_11.wav",89,10.6058207291588,10.68876869807,0.0829479689111832,23.0094010120627
"GRY37HP_43442.27431670_12_8_7_37_11.wav",90,10.7043696282534,10.8224423658478,0.11807273759446,23.5335728469961
"GRY37HP_43442.27431670_12_8_7_37_11.wav",91,10.8663880093005,10.9495173843766,0.0831293750761066,24.711413901666
"GRY37HP_43442.27431670_12_8_7_37_11.wav",92,10.9638711471762,11.0807874204693,0.116916273293072,23.0766661860735
"GRY37HP_43442.27431670_12_8_7_37_11.wav",93,11.1370686831367,11.2213318467436,0.0842631636068756,27.1618695085796
"GRY37HP_43442.27431670_12_8_7_37_11.wav",94,11.234869281801,11.3553456510807,0.120476369279693,22.5247458211364
"GRY37HP_43442.27431670_12_8_7_37_11.wav",95,11.4059126195531,11.4904025408661,0.0844899213130326,6.54139031189043
"GRY37HP_43442.27431670_12_8_7_37_11.wav",96,11.5037585697586,11.6229650958838,0.119206526125231,22.6662064020072
"GRY37HP_43442.27431670_12_8_7_37_11.wav",97,12.251129293472,12.3315829276155,0.0804536341434865,19.6832581804216
"GRY37HP_43442.27431670_12_8_7_37_11.wav",98,12.3417643486218,12.4626262060019,0.120861857380154,23.9327999871338
"GRY37HP_43442.27431670_12_8_7_37_11.wav",99,12.5029210503855,12.5836014422352,0.0806803918496417,23.8387915712377
"GRY37HP_43442.27431670_12_8_7_37_11.wav",100,12.5970254984395,12.7165948368946,0.119569338455076,25.1929467053842
"GRY37HP_43442.27431670_12_8_7_37_11.wav",101,12.7760280316776,12.8575247512694,0.0814967195917955,24.4494491073426
"GRY37HP_43442.27431670_12_8_7_37_11.wav",102,12.8715157017391,12.9919920710188,0.120476369279691,27.2776336812396
"GRY37HP_43442.27431670_12_8_7_37_11.wav",104,13.0659831105369,13.1489310794481,0.0829479689111832,20.8417640774152
"GRY37HP_43442.27431670_12_8_7_37_11.wav",105,13.1609719136448,13.279475490881,0.118503577236151,25.1556840997026
"HP23HP_43463.28700702_12_29_7_58_20.wav",1,0.386644767449563,0.403878362151438,0.0172335947018749,11.6447408497849
"HP23HP_43463.28700702_12_29_7_58_20.wav",4,1.07846021581732,1.10038769749721,0.0219274816798856,14.7884972486327
"HP23HP_43463.28700702_12_29_7_58_20.wav",8,3.120709215337,3.26987051263823,0.149161297301227,33.400167598293
"HP23HP_43463.28700702_12_29_7_58_20.wav",10,3.30059619792907,3.4543833548608,0.153787156931731,31.3883501895529
"HP23HP_43463.28700702_12_29_7_58_20.wav",12,5.24257288722283,5.28334394416227,0.0407710569394357,6.26279968585278
"HP23HP_43463.28700702_12_29_7_58_20.wav",13,5.65053289022472,5.69427447467197,0.0437415844472584,9.65727660459436
"HP23HP_43463.28700702_12_29_7_58_20.wav",14,5.90026128292438,5.9417352891214,0.0414740061970118,12.0489765891553
"HP23HP_43463.28700702_12_29_7_58_20.wav",15,6.06998951495535,6.10987621637719,0.0398867014218389,9.96237382441727
"HP23HP_43463.28700702_12_29_7_58_20.wav",16,6.32094239991015,6.34325536989258,0.0223129699824272,8.86234177718949
"HP23HP_43463.28700702_12_29_7_58_20.wav",17,6.38432121200454,6.42488818690146,0.0405669748969135,13.5541886416573
"HP23HP_43463.28700702_12_29_7_58_20.wav",19,6.52833510667771,6.6145937833171,0.0862586766393845,8.24330433046484
"HP23HP_43463.28700702_12_29_7_58_20.wav",20,6.65302923465878,6.67556896246623,0.0225397278074517,10.6665537231606
"HP23HP_43463.28700702_12_29_7_58_20.wav",21,6.6927345298206,6.72370964871897,0.0309751188983691,13.0574521378291
"HP23HP_43463.28700702_12_29_7_58_20.wav",22,6.74897047042671,6.89513856443762,0.146168094010902,13.4613566975048
"HP23HP_43463.28700702_12_29_7_58_20.wav",27,6.92690733572357,7.00139728124418,0.0744899455206038,20.3576688299909
"HP23HP_43463.28700702_12_29_7_58_20.wav",28,7.0245719309617,7.10686234566315,0.0822904147014523,18.7126504169322
"HP23HP_43463.28700702_12_29_7_58_20.wav",29,7.13906195681665,7.21332514451223,0.0742631876955784,26.2778217589038
"HP23HP_43463.28700702_12_29_7_58_20.wav",30,7.24484448219066,7.30089901653676,0.0560545343460976,17.6569221159809
"HP23HP_43463.28700702_12_29_7_58_20.wav",31,7.33543423328801,7.35811001579048,0.0226757825024668,9.94757475654205
"HP23HP_43463.28700702_12_29_7_58_20.wav",32,7.37237308298453,7.40466339726805,0.0322903142835127,12.650292864856
"HP23HP_43463.28700702_12_29_7_58_20.wav",33,7.43246390661607,7.58278166882492,0.150317762208853,13.2784748163941
"HP23HP_43463.28700702_12_29_7_58_20.wav",36,7.61235088920814,7.68752110820382,0.0751702189956776,23.1332592100533
"HP23HP_43463.28700702_12_29_7_58_20.wav",38,7.71570710585438,7.79777076273081,0.0820636568764277,20.7420686437086
"HP23HP_43463.28700702_12_29_7_58_20.wav",39,7.82638760024893,7.90300906932476,0.0766214690758353,20.0505709404716
"HP23HP_43463.28700702_12_29_7_58_20.wav",44,7.93248758657797,7.9897892889617,0.0573017023837332,19.5351314145998
"HP23HP_43463.28700702_12_29_7_58_20.wav",45,8.0246646424505,8.04972138211572,0.0250567396652261,6.24515146713266
"HP23HP_43463.28700702_12_29_7_58_20.wav",46,8.06203433201456,8.09421126738556,0.032176935371,11.0470016849864
"HP23HP_43463.28700702_12_29_7_58_20.wav",47,8.12183037047357,8.27269235146248,0.150861980988912,18.1850077145367
"HP23HP_43463.28700702_12_29_7_58_20.wav",53,8.30285114219076,8.37924585344157,0.0763947112508117,19.7387612572155
"HP23HP_43463.28700702_12_29_7_58_20.wav",54,8.40314612819917,8.48876988292849,0.0856237547293155,23.9368038815771
"HP23HP_43463.28700702_12_29_7_58_20.wav",57,8.5182937517467,8.59452973251999,0.0762359807732942,27.9450793666507
"HP23HP_43463.28700702_12_29_7_58_20.wav",58,8.62505133576831,8.68264782332458,0.0575964875562658,21.2715424768295
"HP23HP_43463.28700702_12_29_7_58_20.wav",59,8.71704698538082,8.73922390066823,0.0221769152874121,9.78827823152366
"HP23HP_43463.28700702_12_29_7_58_20.wav",60,8.7573418508877,8.78913329795616,0.0317914470684588,6.45101452152708
"HP23HP_43463.28700702_12_29_7_58_20.wav",61,8.8142807407514,8.98357813291481,0.169297392163417,19.7551870449556
"HP23HP_43463.28700702_12_29_7_58_20.wav",63,8.99591375859616,9.0753243489198,0.0794105903236382,23.3226104342213
"HP23HP_43463.28700702_12_29_7_58_20.wav",64,9.10160558084016,9.18457626901668,0.0829706881765269,23.0184971642635
"HP23HP_43463.28700702_12_29_7_58_20.wav",66,9.21729742316774,9.29353340394104,0.0762359807732942,21.6391451709007
"HP23HP_43463.28700702_12_29_7_58_20.wav",67,9.3391797541185,9.35781924733553,0.0186394932170284,5.58627076582562
"LB18_43505.28993133_2_9_8_3_13.wav",5,2.34916344968158,2.40433357529284,0.0551701256112596,6.78923879151802
"LB18_43505.28993133_2_9_8_3_13.wav",13,3.26886962504825,3.41272465048098,0.14385502543273,31.1375269646694
"LB18_43505.28993133_2_9_8_3_13.wav",14,3.44295143939993,3.58004908816511,0.137097648765177,31.241372363787
"LB18_43505.28993133_2_9_8_3_13.wav",15,4.94984643626415,5.02512996155366,0.0752835252895112,9.11555097019106
"LB18_43505.28993133_2_9_8_3_13.wav",16,5.21742041169073,5.24211431501612,0.0246939033253852,17.257228902393
"LB18_43505.28993133_2_9_8_3_13.wav",19,5.80803327304333,5.83157071257662,0.0235374395332872,9.84627501032812
"LB18_43505.28993133_2_9_8_3_13.wav",20,5.86354353506403,5.89699028199235,0.0334467469283224,12.1043448492404
"LB18_43505.28993133_2_9_8_3_13.wav",22,6.31445103517907,6.45758043627167,0.14312940109259,32.7324041605307
"LB18_43505.28993133_2_9_8_3_13.wav",26,6.4918888621039,6.63118605965013,0.139297197546226,33.5420351585635
"LB18_43505.28993133_2_9_8_3_13.wav",27,8.44248046720303,8.45864828453177,0.016167817328741,6.06378561535161
"LB18_43505.28993133_2_9_8_3_13.wav",28,8.48517892446814,8.53987285910618,0.0546939346380437,14.9735373481935
"LB18_43505.28993133_2_9_8_3_13.wav",35,9.36926147988606,9.52021401839578,0.150952538509724,29.7461284940305
"LB18_43505.28993133_2_9_8_3_13.wav",41,10.8452494150125,10.9883107888232,0.143061373810703,34.4836429192323
"LB18_43505.28993133_2_9_8_3_13.wav",46,11.0154990258178,11.1565422569325,0.141043231114688,30.9766871894092
"LB18_43505.28993133_2_9_8_3_13.wav",48,11.1960434319488,11.333753326251,0.137709894302171,30.067907996298
"LB18_43505.28993133_2_9_8_3_13.wav",50,12.3315321454646,12.3646614317441,0.0331292862795109,7.95638941740102
"LB18_43505.28993133_2_9_8_3_13.wav",51,12.4372011899974,12.4711694794202,0.0339682894227984,9.00063694814574
"LB18_43505.28993133_2_9_8_3_13.wav",52,12.6060675794044,12.6377909685249,0.0317233891204918,8.31906310457057
"LB18_43505.28993133_2_9_8_3_13.wav",54,12.7131198453356,12.7481765712686,0.035056725933007,8.00085478138783
"LB18_43505.28993133_2_9_8_3_13.wav",56,12.8031652907949,12.8700814604121,0.066916169617274,10.9938940701087
"LB18_43505.28993133_2_9_8_3_13.wav",58,12.9090837686947,12.9766348596096,0.0675510909148969,17.2884027409734
"LB18_43505.28993133_2_9_8_3_13.wav",59,13.0144353525787,13.0838912073865,0.0694558548077637,18.6797202642051
"LB18_43505.28993133_2_9_8_3_13.wav",60,13.1164535996503,13.1475193917125,0.0310657920622379,18.6386591815557
"LB18_43505.28993133_2_9_8_3_13.wav",61,13.1770659078126,13.2245489505705,0.0474830427579018,11.9431760989571
"LB18_43505.28993133_2_9_8_3_13.wav",62,13.2324627910301,13.3763858437447,0.143923052714619,24.1869054240739
"LB18_43505.28993133_2_9_8_3_13.wav",63,13.4112384878321,13.4810344790493,0.0697959912172053,23.283604455417
"LB18_43505.28993133_2_9_8_3_13.wav",64,13.5135288440312,13.5695379727857,0.0560091287545461,29.7788226849315
"LB18_43505.28993133_2_9_8_3_13.wav",65,13.5960005854402,13.6666129040401,0.0706123185998617,22.4329311338006
"LB18_43505.28993133_2_9_8_3_13.wav",66,13.7482683180664,13.7899917176245,0.0417233995580428,28.6565990463614
"LB18_43505.28993133_2_9_8_3_13.wav",67,13.8204225883891,13.9706041510374,0.150181562648326,21.8737048449853
"LB18_43505.28993133_2_9_8_3_13.wav",68,14.0071801529326,14.0773616320805,0.0701814791479052,25.2658274551672
"LB18_43505.28993133_2_9_8_3_13.wav",69,14.1087902363128,14.165003446913,0.0562132106002107,26.8500110670608
"LB18_43505.28993133_2_9_8_3_13.wav",70,14.1924864687958,14.2669763424633,0.0744898736674848,17.7577117236654
"LB18_43505.28993133_2_9_8_3_13.wav",71,14.369720213875,14.4335751558073,0.0638549419323073,16.2999193501654
"LB18_43505.28993133_2_9_8_3_13.wav",72,14.4656160055766,14.4982237493616,0.0326077437850358,15.767053284914
"LB18_43505.28993133_2_9_8_3_13.wav",74,14.5270899926428,14.5789494572022,0.0518594645593708,6.61003136691148
"LB18_43505.28993133_2_9_8_3_13.wav",76,14.5837793942162,14.7297432653875,0.145963871171261,18.7642809717656
"LB18_43505.28993133_2_9_8_3_13.wav",79,14.7652988580543,14.8364780706699,0.071179212615597,24.1330026540654
"LB18_43505.28993133_2_9_8_3_13.wav",80,14.8691311659762,14.9241198855025,0.0549887195262251,24.6593335491307
"LB18_43505.28993133_2_9_8_3_13.wav",81,14.9531448591081,15.0252084263882,0.0720635672801411,18.9428948582254
"LB18_43505.28993133_2_9_8_3_13.wav",84,15.1099023923389,15.1533264739441,0.0434240816052451,23.2895196195175
"LB18_43505.28993133_2_9_8_3_13.wav",86,15.1834398840599,15.3342790437665,0.150839159706576,23.3824611594309
"LB18_43505.28993133_2_9_8_3_13.wav",87,15.3703335031672,15.4426691795749,0.0723356764076932,23.4827900983876
"LB18_43505.28993133_2_9_8_3_13.wav",88,15.473440186749,15.5305604277744,0.0571202410253857,28.9184282044882
"LB18_43505.28993133_2_9_8_3_13.wav",89,15.5567282555407,15.6288144985814,0.0720862430407703,18.7544392347227
"LB18_43505.28993133_2_9_8_3_13.wav",90,15.7243248023523,15.7910368901239,0.0667120877716094,19.2279140737052
"LB18_43505.28993133_2_9_8_3_13.wav",91,15.8217625457767,15.8554814018326,0.0337188560558754,17.1328968810772
"LB18_43505.28993133_2_9_8_3_13.wav",92,15.8797898172273,15.9305608452765,0.0507710280491622,6.87795056637198
"LB18_43505.28993133_2_9_8_3_13.wav",93,15.937136815859,16.0838716628916,0.146734847032661,17.9576745974857
"LB18_43505.28993133_2_9_8_3_13.wav",95,16.1199714738136,16.1913547682749,0.0713832944612598,22.7955820551606
"LB18_43505.28993133_2_9_8_3_13.wav",96,16.2254591122614,16.2802664257026,0.0548073134411915,25.3938659380826
"LB18_43505.28993133_2_9_8_3_13.wav",97,16.3090419659413,16.3830783243962,0.0740363584548938,16.4351680102774
"LB18_43505.28993133_2_9_8_3_13.wav",98,16.4761396460191,16.5194730245819,0.0433333785627283,25.452684521321
"LB18_43505.28993133_2_9_8_3_13.wav",99,16.5496771377402,16.7008110823349,0.151133944594758,20.4323255215453
"LB18_43505.28993133_2_9_8_3_13.wav",100,16.7374777872726,16.8080220785906,0.0705442913179724,24.8654502109563
"LB18_43505.28993133_2_9_8_3_13.wav",101,16.8414461497583,16.8973192239491,0.0558730741907709,26.6076984028046
"LB18_43505.28993133_2_9_8_3_13.wav",102,16.9263895490759,16.9990426861324,0.0726531370565056,16.2403307437947
"LB18_43505.28993133_2_9_8_3_13.wav",103,18.8979335569966,18.9490447214552,0.0511111644586038,11.4379437205983
"LB80R_43560.32514807_4_5_9_1_54.wav",2,0.395034839015894,0.459071253996715,0.0640364149808211,11.0119220397861
"LB80R_43560.32514807_4_5_9_1_54.wav",3,2.42522048690821,2.51866739418015,0.0934469072719422,11.1791845407228
"LB80R_43560.32514807_4_5_9_1_54.wav",4,3.0433623680616,3.13297706777981,0.089614699718203,12.3027617362701
"LB80R_43560.32514807_4_5_9_1_54.wav",6,4.86100788931963,4.9530035463937,0.0919956570740768,12.6130959695682
"LB80R_43560.32514807_4_5_9_1_54.wav",8,5.10472721942369,5.14223296672478,0.0375057473010898,3.57319392388649
"LB80R_43560.32514807_4_5_9_1_54.wav",9,5.19792469306787,5.29645097603234,0.0985262829644711,11.0731261474731
"LB80R_43560.32514807_4_5_9_1_54.wav",10,5.50998883717767,5.61674642985816,0.10675759268049,16.3040595632881
"LB80R_43560.32514807_4_5_9_1_54.wav",11,5.71227950928953,5.81792598853728,0.105646479247749,17.2339142922851
"LB80R_43560.32514807_4_5_9_1_54.wav",12,5.85808480260634,5.95649770664911,0.098412904042763,16.6116077042544
"LB80R_43560.32514807_4_5_9_1_54.wav",14,5.98545468325339,6.07064760502498,0.085192921771581,17.8129275716615
"LB80R_43560.32514807_4_5_9_1_54.wav",15,6.08887893563566,6.23427606483433,0.145397129198663,26.0859433205068
"LB80R_43560.32514807_4_5_9_1_54.wav",16,6.26264347104573,6.46441260011774,0.201769129072007,15.9155542348742
"LB80R_43560.32514807_4_5_9_1_54.wav",17,6.49103397093483,6.65141979358333,0.160385822648494,30.623376848945
"LB80R_43560.32514807_4_5_9_1_54.wav",18,6.67690737518334,6.70808657865311,0.0311792034697698,28.4351232966363
"LB80R_43560.32514807_4_5_9_1_54.wav",19,6.73398232437128,6.91051330547103,0.17653098109975,28.5709373417104
"LB80R_43560.32514807_4_5_9_1_54.wav",22,6.93153375755574,6.96092157406252,0.0293878165067794,22.1685832175206
"LB80R_43560.32514807_4_5_9_1_54.wav",23,6.96790571563975,7.12325751416439,0.155351798524648,15.3024573363927
"LB80R_43560.32514807_4_5_9_1_54.wav",24,7.15155689302277,7.35123984993535,0.199682956912574,18.3019619281455
"LB80R_43560.32514807_4_5_9_1_54.wav",25,7.37981133820583,7.54017448506998,0.160363146864152,36.042189306959
"LB80R_43560.32514807_4_5_9_1_54.wav",26,7.56838316079099,7.599312930633,0.030929769842011,19.7100122136754
"LB80R_43560.32514807_4_5_9_1_54.wav",27,7.62416559027145,7.65647858295831,0.0323129926868519,21.5875533773066
"LB80R_43560.32514807_4_5_9_1_54.wav",28,7.65727223541026,7.80323625921747,0.145964023807204,28.5840405360927
"LB80R_43560.32514807_4_5_9_1_54.wav",29,7.83176239591926,8.02328207046885,0.19151967454958,18.4463642251535
"LB80R_43560.32514807_4_5_9_1_54.wav",30,8.05137736726815,8.2548018285971,0.203424461328947,15.7869386271152
"LB80R_43560.32514807_4_5_9_1_54.wav",31,8.28421232088822,8.44668431569614,0.162471994807927,27.9242301938667
"LB80R_43560.32514807_4_5_9_1_54.wav",32,8.47480228827979,8.50534656978799,0.0305442815082042,22.4162952717123
"LB80R_43560.32514807_4_5_9_1_54.wav",33,8.5309928818784,8.5609929445624,0.0300000626840031,18.2165073660775
"LB80R_43560.32514807_4_5_9_1_54.wav",34,8.56489317946917,8.70992749611836,0.145034316649197,28.8626954181413
"LB80R_43560.32514807_4_5_9_1_54.wav",35,8.8145308892864,8.85942894228287,0.0448980529964675,12.29415692426
"LIME3_43372.31656767_9_29_8_47_36.wav",1,0.378073947772309,0.429616086756682,0.0515421389843734,13.0005853853621
"LIME3_43372.31656767_9_29_8_47_36.wav",4,0.646578333040222,0.697576252343282,0.0509979193030602,4.84482030448636
"LIME3_43372.31656767_9_29_8_47_36.wav",5,0.883359246051585,0.937395725241977,0.0540364791903925,6.24604440531791
"LIME3_43372.31656767_9_29_8_47_36.wav",6,1.10392694772382,1.1636323819279,0.0597054342040719,12.0718807417997
"LIME3_43372.31656767_9_29_8_47_36.wav",7,1.22494779935585,1.28737433196649,0.0624265326106381,10.0672536212711
"LIME3_43372.31656767_9_29_8_47_36.wav",8,1.31399574471073,1.38143363355346,0.0674378888427305,12.5736778111257
"LIME3_43372.31656767_9_29_8_47_36.wav",9,1.41104825454492,1.47780586878601,0.0667576142410891,25.6481707511934
"LIME3_43372.31656767_9_29_8_47_36.wav",10,1.50070844704128,1.65587908367571,0.155170636634434,15.9896494353503
"LIME3_43372.31656767_9_29_8_47_36.wav",11,1.6940424888278,1.76161643259086,0.0675739437630589,19.669346019841
"LIME3_43372.31656767_9_29_8_47_36.wav",12,1.78674124121148,1.99377147831106,0.207030237099573,31.0629986990413
"LIME3_43372.31656767_9_29_8_47_36.wav",13,2.03873762947956,2.10213922235255,0.0634015928729905,12.2517582787298
"LIME3_43372.31656767_9_29_8_47_36.wav",14,2.13853391354038,2.20372689619769,0.0651929826573134,26.4069962920328
"LIME3_43372.31656767_9_29_8_47_36.wav",15,2.2271056666741,2.3840450172728,0.156939350598702,19.8710489150311
"LIME3_43372.31656767_9_29_8_47_36.wav",16,2.42034900518041,2.48919279486653,0.0688437896861229,22.179057631798
"LIME3_43372.31656767_9_29_8_47_36.wav",17,2.51452168586765,2.72186938444799,0.207347698580339,33.714145413432
"LIME3_43372.31656767_9_29_8_47_36.wav",18,2.77057704592552,2.83030515594965,0.0597281100241269,13.3044336947417
"LIME3_43372.31656767_9_29_8_47_36.wav",19,2.86772025903993,2.93350281301867,0.0657825539787362,24.6635100494642
"LIME3_43372.31656767_9_29_8_47_36.wav",20,2.95674552857476,3.11359417589324,0.156848647318482,18.7724170160318
"LIME3_43372.31656767_9_29_8_47_36.wav",21,3.14792536745608,3.21860589856664,0.0706805311105554,22.6555621400431
"LIME3_43372.31656767_9_29_8_47_36.wav",22,3.24429760268863,3.45291514719204,0.208617544503403,34.8777263860151
"LIME3_43372.31656767_9_29_8_47_36.wav",24,3.50266589639209,3.56228062731594,0.0596147309238528,15.1400580485031
"LIME3_43372.31656767_9_29_8_47_36.wav",25,3.59962770294606,3.66754178400994,0.0679140810638796,26.3539436802795
"LIME3_43372.31656767_9_29_8_47_36.wav",26,3.68946930200285,3.8466354108021,0.157166108799249,16.9970498391175
"LIME3_43372.31656767_9_29_8_47_36.wav",27,3.88051308596385,3.95108023797413,0.0705671520102817,20.5935445574479
"LIME3_43372.31656767_9_29_8_47_36.wav",28,3.97806446383924,4.18940310674921,0.21133864290997,36.1546926211913
"R29HP_43442.28304265_12_8_7_51_44.wav",2,0.311202297604691,0.419773894874529,0.108571597269838,12.3775172048306
"R29HP_43442.28304265_12_8_7_51_44.wav",3,0.521089245041955,0.542517849766265,0.0214286047243102,18.5105573310744
"R29HP_43442.28304265_12_8_7_51_44.wav",4,0.547075679977468,0.619048580924516,0.0719729009470481,8.85231214890379
"R29HP_43442.28304265_12_8_7_51_44.wav",5,0.702359367969083,0.799865188407743,0.09750582043866,14.3974875484767
"R29HP_43442.28304265_12_8_7_51_44.wav",6,0.8439242137827,0.997484543087492,0.153560329304792,22.6662445285747
"R29HP_43442.28304265_12_8_7_51_44.wav",7,1.02657755881373,1.20789303328524,0.181315474471518,22.8345594737947
"R29HP_43442.28304265_12_8_7_51_44.wav",8,1.25773438056993,1.35539893141396,0.0976645508440253,17.6484731768567
"R29HP_43442.28304265_12_8_7_51_44.wav",10,1.39492280234991,1.55047859960786,0.155555797257955,26.366211224796
"R29HP_43442.28304265_12_8_7_51_44.wav",11,1.58097751321019,1.76619322049925,0.185215707289064,23.5936908098074
"R29HP_43442.28304265_12_8_7_51_44.wav",12,1.8135175570703,1.91424333716065,0.100725780090355,14.8019327879498
"R29HP_43442.28304265_12_8_7_51_44.wav",14,1.95106879120539,2.10737288894578,0.156304097740392,26.3532365774863
"R29HP_43442.28304265_12_8_7_51_44.wav",15,2.13871080611933,2.32424397421912,0.185533168099794,19.69163745869
"R29HP_43442.28304265_12_8_7_51_44.wav",16,2.37354110297113,2.39682912101543,0.0232880180443034,21.1154274739892
"R29HP_43442.28304265_12_8_7_51_44.wav",17,2.39753206995348,2.47428955883368,0.076757488880201,11.3365807436782
"R29HP_43442.28304265_12_8_7_51_44.wav",18,2.51544608536767,2.67170483156368,0.156258746196001,26.0051708916045
"R29HP_43442.28304265_12_8_7_51_44.wav",20,2.70193163589966,2.8867845308336,0.184852894933943,24.2718541733092
"R29HP_43442.28304265_12_8_7_51_44.wav",21,2.93594560495244,3.03651265463743,0.10056704968499,16.1166301448557
"R29HP_43442.28304265_12_8_7_51_44.wav",22,3.0814333593558,3.23753337514644,0.156100015790636,26.949744765493
"R29HP_43442.28304265_12_8_7_51_44.wav",23,3.27095746336192,3.4575110412105,0.186553577848571,24.1918723308469
"R29HP_43442.28304265_12_8_7_51_44.wav",24,3.50649070915178,3.52918915711901,0.0226984479672323,22.953762160081
"R29HP_43442.28304265_12_8_7_51_44.wav",25,3.53025491841217,3.60628678258213,0.07603186416996,15.8704330340689
"R29HP_43442.28304265_12_8_7_51_44.wav",26,3.64637754782296,3.80626441757017,0.159886869747207,27.5586179696293
"R29HP_43442.28304265_12_8_7_51_44.wav",27,3.83710346775542,4.02154819878985,0.184444731034433,22.8673306072335
"R29HP_43442.28304265_12_8_7_51_44.wav",28,4.07315825630576,4.09526713419592,0.0221088778901617,20.3845932742018
"R29HP_43442.28304265_12_8_7_51_44.wav",29,4.09676373516079,4.17263686892538,0.0758731337645946,12.9588635980497
"R29HP_43442.28304265_12_8_7_51_44.wav",30,4.21377071968718,4.37229704310269,0.158526323415505,27.6843983839149
"R29HP_43442.28304265_12_8_7_51_44.wav",31,4.40365763604842,4.58996178040285,0.186304144354425,22.0334519442663
"R29HP_43442.28304265_12_8_7_51_44.wav",32,4.64152648637436,4.66427028588599,0.0227437995116224,18.9731002453218
"R29HP_43442.28304265_12_8_7_51_44.wav",35,4.66492788327964,4.74565363229397,0.0807257490143325,9.18121953660863
"R29HP_43442.28304265_12_8_7_51_44.wav",36,4.78309133218798,4.94159497983129,0.15850364764331,29.7405417425234
"R29HP_43442.28304265_12_8_7_51_44.wav",37,4.97370387325946,5.16062026346316,0.186916390203692,20.657488401451
"R29HP_43442.28304265_12_8_7_51_44.wav",38,5.20860219742785,5.23229837937167,0.023696181943814,21.2428443422609
"R29HP_43442.28304265_12_8_7_51_44.wav",39,5.23286527367654,5.31034838726699,0.0774831135904419,11.4829124813657
"R29HP_43442.28304265_12_8_7_51_44.wav",45,5.35062055868537,5.50962307331697,0.159002514631601,23.0226193312982
"R29HP_43442.28304265_12_8_7_51_44.wav",46,5.54268434917734,5.72916989970932,0.186485550531986,22.3105561228299
"R29HP_43442.28304265_12_8_7_51_44.wav",47,5.77960081707109,5.80198180422759,0.0223809871565024,17.8572812856977
"R29HP_43442.28304265_12_8_7_51_44.wav",48,5.81325166300852,5.84266213954549,0.0294104765369632,12.426717624382
"R29HP_43442.28304265_12_8_7_51_44.wav",49,5.84517915025913,5.88166446772095,0.0364853174618149,12.7407333538366
"R29HP_43442.28304265_12_8_7_51_44.wav",50,5.92202734222812,6.0820275908363,0.160000248608182,25.8529469574998
"R29HP_43442.28304265_12_8_7_51_44.wav",51,6.11422718735325,6.30100752292377,0.186780335570522,20.2044221196589
"R29HP_43442.28304265_12_8_7_51_44.wav",52,6.3525268773509,6.37522532531813,0.0226984479672323,18.2024245729811
"R29HP_43442.28304265_12_8_7_51_44.wav",53,6.37769698448739,6.45502136767247,0.0773243831850765,10.6295906689018
"R29HP_43442.28304265_12_8_7_51_44.wav",57,6.49549762104061,6.65574730314293,0.160249682102328,29.9412415186877
"R29HP_43442.28304265_12_8_7_51_44.wav",58,6.68910336404184,6.8788769015421,0.189773537500266,22.1298960750267
"R29HP_43442.28304265_12_8_7_51_44.wav",59,6.9341604341536,6.95869561966863,0.0245351855150302,21.4470875108138
"R29HP_43442.28304265_12_8_7_51_44.wav",60,6.96141671233204,7.03912658364443,0.0777098713123925,9.78429607183027
"R29HP_43442.28304265_12_8_7_51_44.wav",61,7.07973889164574,7.23973914025392,0.160000248608182,28.5656578105293
"R29HP_43442.28304265_12_8_7_51_44.wav",62,7.27207479140405,7.46214311394285,0.190068322538802,24.3762319813125
"R29HP_43442.28304265_12_8_7_51_44.wav",63,8.46509251812934,8.4945256704385,0.02943315230916,6.08395650846492
"R29HP_43442.28304265_12_8_7_51_44.wav",65,8.50268894842872,8.57330130304406,0.0706123546153474,14.3073065119558
"R29HP_43442.28304265_12_8_7_51_44.wav",66,8.64021750679162,8.74060315029905,0.10038564350743,16.6907574750496
"R29HP_43442.28304265_12_8_7_51_44.wav",67,8.77706579198867,8.93634041588661,0.159274623897941,26.0531803695334
"R29HP_43442.28304265_12_8_7_51_44.wav",68,8.96486653730797,9.15212306409458,0.187256526786618,21.9712243614705
"R29HP_43442.28304265_12_8_7_51_44.wav",69,9.19813220587831,9.22017305645189,0.0220408505735765,17.708693894909
"R29HP_43442.28304265_12_8_7_51_44.wav",70,9.22325696147041,9.30550198722181,0.0822450257514014,15.2800897630374
"R29HP_43442.28304265_12_8_7_51_44.wav",71,9.33931156356462,9.49754310194158,0.158231538376969,23.0384181408433
"R29HP_43442.28304265_12_8_7_51_44.wav",72,9.52972002268634,9.71704457678955,0.187324554103203,21.5556662504521
"R29HP_43442.28304265_12_8_7_51_44.wav",73,9.76711268179619,9.79003788748537,0.0229252056891838,18.4667844168179
"R29HP_43442.28304265_12_8_7_51_44.wav",74,9.79157983999463,9.86876816854654,0.077188328551907,17.8045786749852
"R29HP_43442.28304265_12_8_7_51_44.wav",76,9.9091763945981,10.0694714282448,0.160295033646719,20.299988913938
"R29HP_43442.28304265_12_8_7_51_44.wav",77,10.097974873894,10.2893583912201,0.191383517326114,24.7630535155379
"R29HP_43442.28304265_12_8_7_51_44.wav",78,10.3390863596438,10.3611498859896,0.0220635263457716,20.4609394267223
"R29HP_43442.28304265_12_8_7_51_44.wav",79,10.3652088492125,10.440719170622,0.0755103214094728,15.1458485105933
"R29HP_43442.28304265_12_8_7_51_44.wav",80,10.4802430415579,10.6412410241427,0.160997982584764,28.7355100994601
"R29HP_43442.28304265_12_8_7_51_44.wav",81,10.6718306408338,10.8620803695501,0.190249728716362,24.6865921726513
"R29HP_43442.28304265_12_8_7_51_44.wav",82,10.9134409935719,10.9366836600718,0.0232426664999128,17.5131170054843
"R29HP_43442.28304265_12_8_7_51_44.wav",84,10.9376813940484,11.0168425147813,0.0791611207328753,10.5541989134137
"R29HP_43442.28304265_12_8_7_51_44.wav",86,11.0568652527055,11.2187702661781,0.161905013472566,28.7771657935205
"R29HP_43442.28304265_12_8_7_51_44.wav",87,11.2531013852814,11.4413102945002,0.188208909218808,18.8816758753528
"R29HP_43442.28304265_12_8_7_51_44.wav",88,11.4940994921702,11.516865967454,0.0227664752838184,16.5686662431582
"R29HP_43442.28304265_12_8_7_51_44.wav",89,11.5182265137857,11.5576143300885,0.0393878163027797,10.064686333222
"R29HP_43442.28304265_12_8_7_51_44.wav",90,11.5602673954353,11.5972969314298,0.0370295359944954,12.5828648711543
"R29HP_43442.28304265_12_8_7_51_44.wav",92,11.6381813486975,11.799270034371,0.161088685673544,26.2707395171151
"R29HP_43442.28304265_12_8_7_51_44.wav",94,11.833442423069,12.0244177764956,0.190975353426603,25.8454467224672
"R29HP_43442.28304265_12_8_7_51_44.wav",95,12.0755743185676,12.0981593876738,0.0225850691062579,13.9311281577506
"R29HP_43442.28304265_12_8_7_51_44.wav",96,12.1005176679821,12.1838057792545,0.0832881112723722,11.3961805555899
"R29HP_43442.28304265_12_8_7_51_44.wav",98,12.2213115064651,12.3837607384703,0.162449232005248,19.4974673765115
"R29HP_43442.28304265_12_8_7_51_44.wav",99,12.4159603349873,12.6090898867724,0.193129551785132,19.4921653716013
"R36_43455.29204222_12_21_8_6_44.wav",1,0.368050682028218,0.413084792958416,0.0450341109301978,10.8144485049844
"R36_43455.29204222_12_21_8_6_44.wav",2,0.447483960270153,0.58220080469931,0.134716844429157,15.6144165041993
"R36_43455.29204222_12_21_8_6_44.wav",6,2.06517453114644,2.1014784644794,0.0363039333329538,13.4925567418869
"R36_43455.29204222_12_21_8_6_44.wav",7,2.1128390332488,2.18193215308984,0.0690931198410434,20.0091346947492
"R36_43455.29204222_12_21_8_6_44.wav",16,3.41683278105945,3.44379429057405,0.0269615095146047,6.88308013734939
"R36_43455.29204222_12_21_8_6_44.wav",19,3.48406648645121,3.51209375790626,0.0280272714550476,10.9897560806839
"R36_43455.29204222_12_21_8_6_44.wav",22,3.54978091418319,3.57200318443072,0.0222222702475294,4.94712221909725
"R36_43455.29204222_12_21_8_6_44.wav",28,5.53012533002758,5.60760849067637,0.077483160648784,17.0832850414495
"R36_43455.29204222_12_21_8_6_44.wav",29,6.62536579222726,6.69865393247217,0.0732881402449141,11.9086491859505
"R36_43455.29204222_12_21_8_6_44.wav",30,6.76901689632736,6.8407857589125,0.0717688625851336,12.8822859596533
"R36_43455.29204222_12_21_8_6_44.wav",31,6.88976545660093,6.96257740534054,0.0728119487396102,5.83050009979626
"R36_43455.29204222_12_21_8_6_44.wav",32,6.98987905164465,7.06162523844381,0.0717461867991673,15.1859977439866
"R36_43455.29204222_12_21_8_6_44.wav",33,7.0865459272214,7.31919949124146,0.232653564020056,26.18932005514
"R36_43455.29204222_12_21_8_6_44.wav",34,7.38972118559841,7.70838400579079,0.318662820192381,24.0371712795008
"R36_43455.29204222_12_21_8_6_44.wav",35,7.78423450984996,7.86246597143565,0.0782314615856912,17.1267754025338
"R36_43455.29204222_12_21_8_6_44.wav",36,7.88477894482705,8.11877038021915,0.233991435392101,29.8403261050196
"R39Y212_43533.30691176_3_9_8_31_31.wav",1,0.529343435695897,0.593946736256967,0.0646033005610698,6.44220092900708
"R39Y212_43533.30691176_3_9_8_31_31.wav",2,0.620046560386764,0.682994528922225,0.0629479685354614,18.7928497138564
"R39Y212_43533.30691176_3_9_8_31_31.wav",3,0.707869860868695,0.772926677053219,0.065056816184524,7.28675164199132
"R39Y212_43533.30691176_3_9_8_31_31.wav",4,0.796826950409263,0.86324431346415,0.066417363054887,8.72208273540359
"R39Y212_43533.30691176_3_9_8_31_31.wav",7,0.88861851259642,0.954537008465507,0.0659184958690873,22.2063764860497
"R39Y212_43533.30691176_3_9_8_31_31.wav",8,0.97784771151106,1.04483196909526,0.066984257584205,6.19806290297095
"R39Y212_43533.30691176_3_9_8_31_31.wav",9,1.07270050415653,1.13925392189846,0.0665534177419234,15.8489717909309
"R39Y212_43533.30691176_3_9_8_31_31.wav",10,1.16113605073013,1.23129491767851,0.0701588669483852,10.1819280152497
"R39Y212_43533.30691176_3_9_8_31_31.wav",11,1.25841515196108,1.32501392126535,0.0665987693042689,12.9670195076959
"R39Y212_43533.30691176_3_9_8_31_31.wav",12,1.34637450713005,1.41823405766639,0.0718595505363391,14.0148090797862
"R39Y212_43533.30691176_3_9_8_31_31.wav",13,1.44326812008107,1.51236122531434,0.0690931052332677,8.47045321906317
"R39Y212_43533.30691176_3_9_8_31_31.wav",14,1.53456081508243,1.60397138125211,0.0694105661696856,11.1354642668202
"R39Y212_43533.30691176_3_9_8_31_31.wav",15,1.62227073665849,1.70079696685961,0.0785262302011178,16.7794687416834
"R39Y212_43533.30691176_3_9_8_31_31.wav",16,1.72945915426193,1.79501483763225,0.0655556833703239,17.1323493998203
"R39Y212_43533.30691176_3_9_8_31_31.wav",17,1.81197632194944,1.95356389959188,0.141587577642443,15.9050548988142
"R39Y212_43533.30691176_3_9_8_31_31.wav",18,1.9616138019082,2.1363987231875,0.1747849212793,16.9232579479334
"R39Y212_43533.30691176_3_9_8_31_31.wav",19,2.16612667230493,2.23082067599069,0.0646940036857608,8.68385973854686
"R39Y212_43533.30691176_3_9_8_31_31.wav",20,2.24955087123935,2.31054872259396,0.0609978513546077,5.52186274923492
"R39Y212_43533.30691176_3_9_8_31_31.wav",21,2.33419956235711,2.40224958165643,0.0680500192993225,12.7054556801703
"R39Y212_43533.30691176_3_9_8_31_31.wav",22,2.4146532339579,2.55728389753429,0.142630663576388,12.4013317033937
"R39Y212_43533.30691176_3_9_8_31_31.wav",23,2.56905262796293,2.60156969816461,0.0325170702016755,4.22163766372774
"R39Y212_43533.30691176_3_9_8_31_31.wav",24,2.60381460050071,2.74352008830581,0.139705487805107,11.4570834956691
"R39Y212_43533.30691176_3_9_8_31_31.wav",25,2.77535688507231,2.83975610360282,0.0643992185305153,10.280100876682
"R39Y212_43533.30691176_3_9_8_31_31.wav",26,2.8596427636913,2.92154764629281,0.0619048826015165,7.46588571826052
"R39Y212_43533.30691176_3_9_8_31_31.wav",27,2.94184247044239,3.00889475537012,0.0670522849277231,16.4465057465766
"R39Y212_43533.30691176_3_9_8_31_31.wav",28,3.02286303657251,3.16445061421495,0.141587577642443,14.5518610685885
"R39Y212_43533.30691176_3_9_8_31_31.wav",29,3.18052774306641,3.35270494951085,0.172177206444438,19.8631942186117
"R39Y212_43533.30691176_3_9_8_31_31.wav",30,3.3841562579974,3.4472402812199,0.0630840232224976,14.0037326811997
"R39Y212_43533.30691176_3_9_8_31_31.wav",31,3.47073239051484,3.53227446061759,0.0615420701027527,0.274852569785797
"R39Y212_43533.30691176_3_9_8_31_31.wav",32,3.55265998789186,3.62082338609705,0.0681633982051864,11.2080176342493
"R39Y212_43533.30691176_3_9_8_31_31.wav",33,3.63687783916733,3.77878287774619,0.141905038578861,16.281878028836
"R39Y212_43533.30691176_3_9_8_31_31.wav",34,3.79175342457699,3.96839775991245,0.176644335335463,11.2205828478795
"R39Y212_43533.30691176_3_9_8_31_31.wav",35,4.00207129495393,4.06384012286841,0.0617688279144799,16.3918281424073
"R39Y212_43533.30691176_3_9_8_31_31.wav",36,4.08651590404113,4.14932781788955,0.0628119138484253,5.8670981748742
"R39Y212_43533.30691176_3_9_8_31_31.wav",37,4.17184486859406,4.24250260272825,0.0706577341341852,15.3959711141991
"R39Y212_43533.30691176_3_9_8_31_31.wav",39,4.25336430190998,4.39477047330304,0.141406171393061,22.3939149926871
"R39Y212_43533.30691176_3_9_8_31_31.wav",40,4.40880678184895,4.43774107862534,0.0289342967763861,17.866071673665
"R39Y212_43533.30691176_3_9_8_31_31.wav",41,4.44125582470711,4.58411324609522,0.142857421388115,21.9291333540189
"R39Y212_43533.30691176_3_9_8_31_31.wav",42,4.61996365612929,4.68239008169778,0.0624264255684883,15.6768378523977
"R39Y212_43533.30691176_3_9_8_31_31.wav",43,4.7057234605245,4.76719750328374,0.0614740427592348,3.18824486938536
"R39Y212_43533.30691176_3_9_8_31_31.wav",44,4.79356943678761,4.86359224904896,0.0700228122613495,12.6565865436661
"R39Y212_43533.30691176_3_9_8_31_31.wav",45,4.87368297167081,5.01892135008206,0.145238378411251,23.5279486630693
"R39Y212_43533.30691176_3_9_8_31_31.wav",46,5.03059937738601,5.06173322493615,0.0311338475501399,11.7459363401318
"R39Y212_43533.30691176_3_9_8_31_31.wav",47,5.06461304914509,5.20477205257365,0.140159003428561,20.7579553822749
"R39Y212_43533.30691176_3_9_8_31_31.wav",48,5.23989683761019,5.30465886863947,0.0647620310292796,8.70321973109838
"R39Y212_43533.30691176_3_9_8_31_31.wav",49,5.32858181777668,5.38781095819982,0.0592291404231355,8.02688281579371
"R39Y212_43533.30691176_3_9_8_31_31.wav",51,5.41313980576974,5.48112179772555,0.0679819919558051,9.88483951707416
"R39Y212_43533.30691176_3_9_8_31_31.wav",52,5.49302658284122,5.63908128937469,0.146054706533468,21.1239092831507
"R39Y212_43533.30691176_3_9_8_31_31.wav",53,5.6498749612129,5.68475031265654,0.0348753514436382,15.0487788610087
"R39Y212_43533.30691176_3_9_8_31_31.wav",54,5.68908138686053,5.82924039028909,0.140159003428561,13.9290665000057
"R39Y212_43533.30691176_3_9_8_31_31.wav",55,5.86304998001761,5.92978480400892,0.0667348239913048,17.1279682099631
"R39Y212_43533.30691176_3_9_8_31_31.wav",56,5.94862837816345,6.0071772451514,0.0585488669879544,12.5835466268807
"R39Y212_43533.30691176_3_9_8_31_31.wav",58,6.03311833881299,6.09962640499257,0.0665080661795781,20.5269287837628
"R39Y212_43533.30691176_3_9_8_31_31.wav",60,6.1132318736962,6.25901447085559,0.145782597159395,15.5961841016939
"R39Y212_43533.30691176_3_9_8_31_31.wav",61,6.2708058770654,6.30511433397972,0.0343084569143199,13.1158933129052
"R39Y212_43533.30691176_3_9_8_31_31.wav",63,6.31008033005655,6.44765429443142,0.137573964374872,21.2442559935084
"R39Y212_43533.30691176_3_9_8_31_31.wav",65,6.482915134155,6.54767716518427,0.0647620310292787,21.6997812148826
"R39Y212_43533.30691176_3_9_8_31_31.wav",66,6.56774523152213,6.63182698911623,0.0640817575940966,12.4789318295156
"R39Y212_43533.30691176_3_9_8_31_31.wav",67,6.65813089527658,6.72309700833641,0.0649661130598327,18.7031342585073
"R39Y212_43533.30691176_3_9_8_31_31.wav",68,6.73568206688727,6.88101114842321,0.145329081535941,35.02977345221
"R39Y212_43533.30691176_3_9_8_31_31.wav",69,6.89366423431759,7.0712609524623,0.177596718144716,25.6011524558836
"R39Y212_43533.30691176_3_9_8_31_31.wav",70,7.10244015157479,7.16776907713338,0.0653289255585969,18.9607099578343
"R39Y212_43533.30691176_3_9_8_31_31.wav",71,7.19055823721196,7.25538829558476,0.0648300583727961,7.69584463054157
"R39Y212_43533.30691176_3_9_8_31_31.wav",73,7.27733845175995,7.34799618589413,0.0706577341341843,19.2779353640241
"R39Y212_43533.30691176_3_9_8_31_31.wav",75,7.36092138116258,7.50575159551273,0.144830214350142,21.1873222285606
"R39Y212_43533.30691176_3_9_8_31_31.wav",76,7.5166586462568,7.55316665394488,0.0365080076880737,25.51034998977
"R39Y212_43533.30691176_3_9_8_31_31.wav",77,7.55797391955349,7.69579731752126,0.137823397967772,18.3504282245288
"R39Y212_43533.30691176_3_9_8_31_31.wav",78,7.73171575489885,7.79679524686454,0.0650794919656974,15.1765820322706
"R39Y212_43533.30691176_3_9_8_31_31.wav",79,7.81972046163016,7.88407432859833,0.0643538669681698,11.1416293899004
"R39Y212_43533.30691176_3_9_8_31_31.wav",80,7.91126259022442,7.98185229701508,0.0705897067906669,25.3445108583976
"R39Y212_43533.30691176_3_9_8_31_31.wav",81,7.99582057821748,8.14146712068984,0.145646542472359,22.2856150671179
"R39Y212_43533.30691176_3_9_8_31_31.wav",82,8.15681862454377,8.19457380019634,0.0377551756525722,21.6427303691121
"R39Y212_43533.30691176_3_9_8_31_31.wav",83,8.19713616346885,8.33364436612861,0.136508202659755,23.8013778466198
"R39Y212_43533.30691176_3_9_8_31_31.wav",94,9.56979190097808,9.58675338529528,0.0169614843171928,-2.8848893601165
